model,defense,one_way_cost_bps,start,end,observations,cagr,annualized_volatility,sharpe,sortino,max_drawdown,calmar,beta,correlation,excess_cagr,annualized_mean_excess_vs_benchmark,monthly_positive_rate,worst_year,worst_year_return,best_year,best_year_return,sharpe_zero_rf,annual_traded_notional,annual_one_way_equivalent_turnover,annual_cost_fraction,equity_state_switches_excluding_initial,initial_equity_entry,fraction_sessions_with_equity,fraction_sessions_fully_equity,mean_equity_weight_earning_returns,mean_defensive_weight_earning_returns,classification,max_drawdown_peak,max_drawdown_trough
SPY,BIL,0,2016-01-04,2026-07-31,2659,0.1505167272,0.1784799304,0.7476207582,1.048907851,-0.3368469246,0.4468401406,1,1,0,0,0.7007874016,2022,-0.1813934928,2019,0.3119342131,0.8753077667,0.09477247085,0.04738623543,0,0,1,0.9996239188,0.9996239188,0.9996239188,0.0003760812335,EXPLORATORY_NAV_PROXY_NOT_EXECUTABLE_CLOSE,2020-02-19 00:00:00,2020-03-23 00:00:00
DEFENSIVE,BIL,0,2016-01-04,2026-07-31,2659,0.02126181987,0.001706743592,-1.387307364,-2.220042853,-0.001580556619,13.45210896,-2.341176342e-05,-0.005166311578,-0.1292549073,-0.1351835943,0.8188976378,2021,-0.0009775058699,2024,0.05195214402,12.32831635,0.09477247085,0.04738623543,0,0,0,0,0,0,1,EXPLORATORY_NAV_PROXY_NOT_EXECUTABLE_CLOSE,2020-03-26 00:00:00,2022-02-10 00:00:00
STATIC80,BIL,0,2016-01-04,2026-07-31,2659,0.1258000641,0.1414560818,0.7476584162,1.046361239,-0.2732915963,0.4603144253,0.7924236881,0.9998191926,-0.02471666309,-0.02767496277,0.7086614173,2022,-0.1426574907,2019,0.2497265216,0.9087619626,0.2325287912,0.1162643956,0,0,1,0.9996239188,0,0.8003463939,0.1996536061,EXPLORATORY_NAV_PROXY_NOT_EXECUTABLE_CLOSE,2020-02-19 00:00:00,2020-03-23 00:00:00
STATIC70,BIL,0,2016-01-04,2026-07-31,2659,0.1131945668,0.1232479249,0.7470961859,1.044434266,-0.2407305144,0.4702127901,0.6902792374,0.9996048523,-0.03732216034,-0.04135815061,0.7165354331,2022,-0.1231912081,2019,0.219365538,0.9319971817,0.2756354496,0.1378177248,0,0,1,0.9996239188,0,0.7006141428,0.2993858572,EXPLORATORY_NAV_PROXY_NOT_EXECUTABLE_CLOSE,2020-02-19 00:00:00,2020-03-23 00:00:00
ABS12,BIL,0,2016-01-04,2026-07-31,2659,0.116198091,0.1612022804,0.6217297031,0.8532719947,-0.3368469246,0.3449581472,0.8153474721,0.9027762503,-0.03431863617,-0.03321810864,0.7165354331,2022,-0.122457102,2021,0.2851540647,0.7630584399,1.611132005,0.8055660023,0,8,1,0.8747649492,0.8747649492,0.8747649492,0.1252350508,EXPLORATORY_NAV_PROXY_NOT_EXECUTABLE_CLOSE,2020-02-19 00:00:00,2020-03-23 00:00:00
SMA10,BIL,0,2016-01-04,2026-07-31,2659,0.0877413183,0.1256281442,0.5511930393,0.7473624146,-0.264408945,0.3318394478,0.494881193,0.7030262468,-0.06277540887,-0.0641912031,0.6929133858,2022,-0.2102167686,2021,0.2851540647,0.7325879625,4.264761188,2.132380594,0,22,1,0.8262504701,0.8262504701,0.8262504701,0.1737495299,EXPLORATORY_NAV_PROXY_NOT_EXECUTABLE_CLOSE,2022-01-03 00:00:00,2023-03-13 00:00:00
SPY,BIL,10,2016-01-04,2026-07-31,2659,0.1504077495,0.1784805243,0.7470880306,1.04816058,-0.3368469246,0.4465166178,1.000001574,0.9999985154,-0.0001089776691,-9.467779306e-05,0.7007874016,2022,-0.1813934928,2019,0.3119342131,0.8747743882,0.09467779306,0.04733889653,9.467779306e-05,0,1,0.9996239188,0.9996239188,0.9996239188,0.0003760812335,EXPLORATORY_NAV_PROXY_NOT_EXECUTABLE_CLOSE,2020-02-19 00:00:00,2020-03-23 00:00:00
DEFENSIVE,BIL,10,2016-01-04,2026-07-31,2659,0.0211650853,0.001738785062,-1.421272358,-2.179294035,-0.001580556619,13.39090612,-2.183748147e-05,-0.0048819073,-0.1293516419,-0.1352782721,0.8188976378,2021,-0.0009775058699,2024,0.05195214402,12.0466857,0.09467779306,0.04733889653,9.467779306e-05,0,0,0,0,0,1,EXPLORATORY_NAV_PROXY_NOT_EXECUTABLE_CLOSE,2020-03-26 00:00:00,2022-02-10 00:00:00
STATIC80,BIL,10,2016-01-04,2026-07-31,2659,0.1255383412,0.1414569845,0.7460106287,1.044005458,-0.273303215,0.4593372281,0.7924266716,0.9998169382,-0.02497838597,-0.02790743979,0.7086614173,2022,-0.1428443331,2019,0.2495328684,0.9071127165,0.2324555586,0.1162277793,0.0002324770172,0,1,0.9996239188,0,0.8003463939,0.1996536061,EXPLORATORY_NAV_PROXY_NOT_EXECUTABLE_CLOSE,2020-02-19 00:00:00,2020-03-23 00:00:00
STATIC70,BIL,10,2016-01-04,2026-07-31,2659,0.112887802,0.1232489188,0.7448546635,1.041226044,-0.2407463711,0.4689075953,0.6902825224,0.9996019712,-0.03762892521,-0.04163374555,0.7165354331,2022,-0.1234416591,2019,0.2191176116,0.9297535819,0.2755599692,0.1377799846,0.0002755949387,0,1,0.9996239188,0,0.7006141428,0.2993858572,EXPLORATORY_NAV_PROXY_NOT_EXECUTABLE_CLOSE,2020-02-19 00:00:00,2020-03-23 00:00:00
ABS12,BIL,10,2016-01-04,2026-07-31,2659,0.1144012486,0.1612733051,0.6115362772,0.8389926074,-0.3368469246,0.3396238477,0.815754203,0.9028312305,-0.03611547852,-0.03481812604,0.7165354331,2022,-0.1242104345,2021,0.2851540647,0.7528012348,1.609522482,0.804761241,0.0016000174,8,1,0.8747649492,0.8747649492,0.8747649492,0.1252350508,EXPLORATORY_NAV_PROXY_NOT_EXECUTABLE_CLOSE,2020-02-19 00:00:00,2020-03-23 00:00:00
SMA10,BIL,10,2016-01-04,2026-07-31,2659,0.0831122891,0.1255740979,0.5174063931,0.7006647331,-0.2731832892,0.3042363584,0.4942127199,0.7023755118,-0.06740443807,-0.06846373782,0.6929133858,2022,-0.2165098307,2021,0.2851540647,0.6988792506,4.260500688,2.130250344,0.004272534723,22,1,0.8262504701,0.8262504701,0.8262504701,0.1737495299,EXPLORATORY_NAV_PROXY_NOT_EXECUTABLE_CLOSE,2022-01-03 00:00:00,2023-03-13 00:00:00
SPY,BIL,20,2016-01-04,2026-07-31,2659,0.150298891,0.1784816454,0.7465541597,1.047408703,-0.3368469246,0.4461934486,1.000003145,0.9999940736,-0.0002178362168,-0.0001891666085,0.7007874016,2022,-0.1813934928,2019,0.3119342131,0.8742394899,0.09458330425,0.04729165212,0.0001891666085,0,1,0.9996239188,0.9996239188,0.9996239188,0.0003760812335,EXPLORATORY_NAV_PROXY_NOT_EXECUTABLE_CLOSE,2020-02-19 00:00:00,2020-03-23 00:00:00
DEFENSIVE,BIL,20,2016-01-04,2026-07-31,2659,0.02106845648,0.001822677528,-1.382347902,-1.93769247,-0.002116339492,9.955140257,-2.026634181e-05,-0.004477074154,-0.1294482707,-0.1353727609,0.8188976378,2021,-0.0009775058699,2024,0.05195214402,11.44037166,0.09458330425,0.04729165212,0.0001891666085,0,0,0,0,0,1,EXPLORATORY_NAV_PROXY_NOT_EXECUTABLE_CLOSE,2016-01-04 00:00:00,2016-01-22 00:00:00
STATIC80,BIL,20,2016-01-04,2026-07-31,2659,0.125276734,0.1414585679,0.7443603073,1.041641674,-0.2733148198,0.4583605607,0.7924296378,0.9998098507,-0.02523999312,-0.0281397713,0.7086614173,2022,-0.1430311031,2019,0.2493391938,0.9054601632,0.2323826143,0.1161913071,0.0004648085281,0,1,0.9996239188,0,0.8003463939,0.1996536061,EXPLORATORY_NAV_PROXY_NOT_EXECUTABLE_CLOSE,2020-02-19 00:00:00,2020-03-23 00:00:00
STATIC70,BIL,20,2016-01-04,2026-07-31,2659,0.1125811788,0.1232507097,0.7426095904,1.03800722,-0.2407622152,0.4676031856,0.6902857921,0.9995926031,-0.03793554837,-0.04190919031,0.7165354331,2022,-0.1236920147,2019,0.2188696871,0.9275052389,0.2754847356,0.1377423678,0.0005510396963,0,1,0.9996239188,0,0.7006141428,0.2993858572,EXPLORATORY_NAV_PROXY_NOT_EXECUTABLE_CLOSE,2020-02-19 00:00:00,2020-03-23 00:00:00
ABS12,BIL,20,2016-01-04,2026-07-31,2659,0.1126074007,0.1613631574,0.6013013925,0.8245852329,-0.3368469246,0.3342984378,0.8161601221,0.902779912,-0.03790932648,-0.03641494979,0.7086614173,2022,-0.1259602673,2021,0.2851540647,0.7424862118,1.607916172,0.8039580861,0.003196841153,8,1,0.8747649492,0.8747649492,0.8747649492,0.1252350508,EXPLORATORY_NAV_PROXY_NOT_EXECUTABLE_CLOSE,2020-02-19 00:00:00,2020-03-23 00:00:00
SMA10,BIL,20,2016-01-04,2026-07-31,2659,0.07850305237,0.1255868219,0.48340179,0.653679397,-0.2818529878,0.2785248189,0.4935455811,0.7013530362,-0.0720136748,-0.07272774453,0.6850393701,2022,-0.2227527616,2021,0.2851540647,0.6648557824,4.256248691,2.128124346,0.008536541432,22,1,0.8262504701,0.8262504701,0.8262504701,0.1737495299,EXPLORATORY_NAV_PROXY_NOT_EXECUTABLE_CLOSE,2022-01-03 00:00:00,2023-03-13 00:00:00
SPY,ZERO_CASH,0,2016-01-04,2026-07-31,2659,0.1505167272,0.1784799304,0.7476207582,1.048907851,-0.3368469246,0.4468401406,1,1,0,0,0.7007874016,2022,-0.1813934928,2019,0.3119342131,0.8753077667,0.09477247085,0.04738623543,0,0,1,0.9996239188,0.9996239188,0.9996239188,0.0003760812335,EXPLORATORY_NAV_PROXY_NOT_EXECUTABLE_CLOSE,2020-02-19 00:00:00,2020-03-23 00:00:00
DEFENSIVE,ZERO_CASH,0,2016-01-04,2026-07-31,2659,0,0,-16.97284987,-11.59484781,0,,7.523837721e-05,,-0.1505167272,-0.1562248693,0,2016,0,2016,0,,0,0,0,0,0,0,0,0,1,EXPLORATORY_NAV_PROXY_NOT_EXECUTABLE_CLOSE,2016-01-04 00:00:00,2016-01-04 00:00:00
STATIC80,ZERO_CASH,0,2016-01-04,2026-07-31,2659,0.1211088433,0.1414822989,0.7180102204,1.003763561,-0.2737304627,0.44243831,0.7925843182,0.9998242882,-0.02940788386,-0.03184871156,0.7007874016,2022,-0.1449923538,2019,0.2447350451,0.8790934175,0.1456554787,0.07282773933,0,0,1,0.9996239188,0,0.8004784975,0.1995215025,EXPLORATORY_NAV_PROXY_NOT_EXECUTABLE_CLOSE,2020-02-19 00:00:00,2020-03-23 00:00:00
STATIC70,ZERO_CASH,0,2016-01-04,2026-07-31,2659,0.1062381242,0.1232813826,0.6960406067,0.9712148868,-0.2413983838,0.4400945963,0.6904905461,0.9996183336,-0.04427860292,-0.04762509334,0.7007874016,2022,-0.1267652674,2019,0.2120541561,0.8809097827,0.1580621117,0.07903105587,0,0,1,0.9996239188,0,0.7007876633,0.2992123367,EXPLORATORY_NAV_PROXY_NOT_EXECUTABLE_CLOSE,2020-02-19 00:00:00,2020-03-23 00:00:00
ABS12,ZERO_CASH,0,2016-01-04,2026-07-31,2659,0.112910028,0.1612091687,0.6033968722,0.8281408666,-0.3368469246,0.3351968499,0.8152605264,0.9026350524,-0.03760669913,-0.03616853889,0.6220472441,2022,-0.1339531587,2021,0.2851540647,0.744723959,0.8529522377,0.4264761188,0,8,1,0.8747649492,0.8747649492,0.8747649492,0.1252350508,EXPLORATORY_NAV_PROXY_NOT_EXECUTABLE_CLOSE,2020-02-19 00:00:00,2020-03-23 00:00:00
SMA10,ZERO_CASH,0,2016-01-04,2026-07-31,2659,0.08392053635,0.1256353915,0.5231473539,0.709365945,-0.2740196955,0.3062573156,0.4947962788,0.7028578352,-0.06659619081,-0.0677103204,0.6220472441,2022,-0.2181529644,2021,0.2851540647,0.7045351458,2.17976683,1.089883415,0,22,1,0.8262504701,0.8262504701,0.8262504701,0.1737495299,EXPLORATORY_NAV_PROXY_NOT_EXECUTABLE_CLOSE,2022-01-03 00:00:00,2023-03-13 00:00:00
SPY,ZERO_CASH,10,2016-01-04,2026-07-31,2659,0.1504077495,0.1784805243,0.7470880306,1.04816058,-0.3368469246,0.4465166178,1.000001574,0.9999985154,-0.0001089776691,-9.467779306e-05,0.7007874016,2022,-0.1813934928,2019,0.3119342131,0.8747743882,0.09467779306,0.04733889653,9.467779306e-05,0,1,0.9996239188,0.9996239188,0.9996239188,0.0003760812335,EXPLORATORY_NAV_PROXY_NOT_EXECUTABLE_CLOSE,2020-02-19 00:00:00,2020-03-23 00:00:00
DEFENSIVE,ZERO_CASH,10,2016-01-04,2026-07-31,2659,0,0,-16.97284987,-11.59484781,0,,7.523837721e-05,,-0.1505167272,-0.1562248693,0,2016,0,2016,0,,0,0,0,0,0,0,0,0,1,EXPLORATORY_NAV_PROXY_NOT_EXECUTABLE_CLOSE,2016-01-04 00:00:00,2016-01-04 00:00:00
STATIC80,ZERO_CASH,10,2016-01-04,2026-07-31,2659,0.1209455742,0.1414828738,0.7169783587,1.002297343,-0.2737361199,0.441832719,0.7925862139,0.9998228968,-0.02957115302,-0.03199433556,0.7007874016,2022,-0.1450856136,2019,0.2446375198,0.8780605764,0.1456118195,0.07280590973,0.000145624002,0,1,0.9996239188,0,0.8004784975,0.1995215025,EXPLORATORY_NAV_PROXY_NOT_EXECUTABLE_CLOSE,2020-02-19 00:00:00,2020-03-23 00:00:00
STATIC70,ZERO_CASH,10,2016-01-04,2026-07-31,2659,0.1060632868,0.1232819068,0.6947559935,0.9693879562,-0.2414061026,0.4393562783,0.6904924137,0.999617071,-0.04445344038,-0.04778314734,0.7007874016,2022,-0.1268901274,2019,0.2119295003,0.8796239835,0.1580355582,0.07901777912,0.0001580539984,0,1,0.9996239188,0,0.7007876633,0.2992123367,EXPLORATORY_NAV_PROXY_NOT_EXECUTABLE_CLOSE,2020-02-19 00:00:00,2020-03-23 00:00:00
ABS12,ZERO_CASH,10,2016-01-04,2026-07-31,2659,0.111961226,0.1612427557,0.5980147707,0.820619871,-0.3368469246,0.3323801342,0.8154648327,0.9026745481,-0.03855550114,-0.03701624052,0.6220472441,2022,-0.1348192055,2021,0.2851540647,0.739311532,0.8524788487,0.4262394244,0.0008477016315,8,1,0.8747649492,0.8747649492,0.8747649492,0.1252350508,EXPLORATORY_NAV_PROXY_NOT_EXECUTABLE_CLOSE,2020-02-19 00:00:00,2020-03-23 00:00:00
SMA10,ZERO_CASH,10,2016-01-04,2026-07-31,2659,0.08156046598,0.1256010658,0.5058980793,0.6855496236,-0.2783625372,0.2930008715,0.4944626729,0.7025744532,-0.06895626119,-0.06989485913,0.6220472441,2022,-0.2212741071,2021,0.2851540647,0.6873350122,2.178630696,1.089315348,0.00218453873,22,1,0.8262504701,0.8262504701,0.8262504701,0.1737495299,EXPLORATORY_NAV_PROXY_NOT_EXECUTABLE_CLOSE,2022-01-03 00:00:00,2023-03-13 00:00:00
SPY,ZERO_CASH,20,2016-01-04,2026-07-31,2659,0.150298891,0.1784816454,0.7465541597,1.047408703,-0.3368469246,0.4461934486,1.000003145,0.9999940736,-0.0002178362168,-0.0001891666085,0.7007874016,2022,-0.1813934928,2019,0.3119342131,0.8742394899,0.09458330425,0.04729165212,0.0001891666085,0,1,0.9996239188,0.9996239188,0.9996239188,0.0003760812335,EXPLORATORY_NAV_PROXY_NOT_EXECUTABLE_CLOSE,2020-02-19 00:00:00,2020-03-23 00:00:00
DEFENSIVE,ZERO_CASH,20,2016-01-04,2026-07-31,2659,0,0,-16.97284987,-11.59484781,0,,7.523837721e-05,,-0.1505167272,-0.1562248693,0,2016,0,2016,0,,0,0,0,0,0,0,0,0,1,EXPLORATORY_NAV_PROXY_NOT_EXECUTABLE_CLOSE,2016-01-04 00:00:00,2016-01-04 00:00:00
STATIC80,ZERO_CASH,20,2016-01-04,2026-07-31,2659,0.1207823577,0.1414838776,0.7159449464,1.00082615,-0.2737417681,0.44122736,0.7925880982,0.999818459,-0.02973436949,-0.03213987287,0.7007874016,2022,-0.1451788427,2019,0.2445399628,0.8770256972,0.1455683465,0.07278417327,0.0002911613132,0,1,0.9996239188,0,0.8004784975,0.1995215025,EXPLORATORY_NAV_PROXY_NOT_EXECUTABLE_CLOSE,2020-02-19 00:00:00,2020-03-23 00:00:00
STATIC70,ZERO_CASH,20,2016-01-04,2026-07-31,2659,0.1058884828,0.1232828128,0.6934696685,0.9675559909,-0.2414138106,0.4386181658,0.6904942692,0.9996126946,-0.04462824435,-0.04794114879,0.7007874016,2022,-0.1270149473,2019,0.2118048119,0.8783359011,0.1580091596,0.07900457978,0.0003160554494,0,1,0.9996239188,0,0.7007876633,0.2992123367,EXPLORATORY_NAV_PROXY_NOT_EXECUTABLE_CLOSE,2020-02-19 00:00:00,2020-03-23 00:00:00
ABS12,ZERO_CASH,20,2016-01-04,2026-07-31,2659,0.1110133363,0.1612815302,0.5926216906,0.8130668025,-0.3368469246,0.3295661269,0.8156690318,0.9026848724,-0.03950339085,-0.03786299727,0.6141732283,2022,-0.1356852524,2021,0.2851540647,0.7338836122,0.8520064046,0.4260032023,0.001694458375,8,1,0.8747649492,0.8747649492,0.8747649492,0.1252350508,EXPLORATORY_NAV_PROXY_NOT_EXECUTABLE_CLOSE,2020-02-19 00:00:00,2020-03-23 00:00:00
SMA10,ZERO_CASH,20,2016-01-04,2026-07-31,2659,0.07920563187,0.1255839807,0.4885904291,0.6616562615,-0.2826794085,0.2801959729,0.494129388,0.702194962,-0.0713110953,-0.07207713013,0.6141732283,2022,-0.2243827964,2021,0.2851540647,0.6700515358,2.17749683,1.088748415,0.004366809728,22,1,0.8262504701,0.8262504701,0.8262504701,0.1737495299,EXPLORATORY_NAV_PROXY_NOT_EXECUTABLE_CLOSE,2022-01-03 00:00:00,2023-03-13 00:00:00
