name,regime,start,end,cagr,return,max_drawdown,daily_arithmetic_mean_excess_vs_spy
SPY_BIL_0bps,2016_2019,2016-01-04,2019-12-31,0.1473251382,0.7309014202,-0.1928663299,0
SPY_BIL_0bps,covid2020,2020-01-02,2020-12-31,0.1814134304,0.1821952575,-0.3368469246,0
SPY_BIL_0bps,2021,2021-01-04,2021-12-31,0.2851540647,0.2851540647,-0.05112956347,0
SPY_BIL_0bps,inflation2022,2022-01-03,2022-12-30,-0.1820460037,-0.1813934928,-0.2447419456,0
SPY_BIL_0bps,2023_2025,2023-01-03,2025-12-31,0.2296570958,0.8532197403,-0.1870595745,0
SPY_BIL_0bps,2026_YTD,2026-01-02,2026-07-31,0.181122551,0.1005208916,-0.08882821034,0
DEFENSIVE_BIL_0bps,2016_2019,2016-01-04,2019-12-31,0.01140531467,0.04631351847,-0.0002529502665,-0.1343230114
DEFENSIVE_BIL_0bps,covid2020,2020-01-02,2020-12-31,0.003914172029,0.003929734937,-0.0004044814994,-0.2219387397
DEFENSIVE_BIL_0bps,2021,2021-01-04,2021-12-31,-0.0009775058699,-0.0009775058699,-0.0009775058699,-0.2604794629
DEFENSIVE_BIL_0bps,inflation2022,2022-01-03,2022-12-30,0.01364522584,0.01359071182,-0.000291761423,0.185494725
DEFENSIVE_BIL_0bps,2023_2025,2023-01-03,2025-12-31,0.04793658371,0.1499586597,-0.0002869999127,-0.1712140436
DEFENSIVE_BIL_0bps,2026_YTD,2026-01-02,2026-07-31,0.03636340295,0.02076458716,0,-0.1402697738
STATIC80_BIL_0bps,2016_2019,2016-01-04,2019-12-31,0.1201160218,0.5727549507,-0.154281173,-0.02700948427
STATIC80_BIL_0bps,covid2020,2020-01-02,2020-12-31,0.1527788157,0.1534293832,-0.2732915963,-0.04739307523
STATIC80_BIL_0bps,2021,2021-01-04,2021-12-31,0.2234003911,0.2234003911,-0.04102161254,-0.05232940358
STATIC80_BIL_0bps,inflation2022,2022-01-03,2022-12-30,-0.1431830676,-0.1426574907,-0.1979754578,0.0358310544
STATIC80_BIL_0bps,2023_2025,2023-01-03,2025-12-31,0.1924296808,0.6907722602,-0.1505919847,-0.03485978825
STATIC80_BIL_0bps,2026_YTD,2026-01-02,2026-07-31,0.1528225016,0.08527029142,-0.07007661743,-0.02770869649
STATIC70_BIL_0bps,2016_2019,2016-01-04,2019-12-31,0.1065010941,0.4978163486,-0.1347861869,-0.04047922299
STATIC70_BIL_0bps,covid2020,2020-01-02,2020-12-31,0.1369496218,0.1375288417,-0.2407305144,-0.07025835041
STATIC70_BIL_0bps,2021,2021-01-04,2021-12-31,0.1933973906,0.1933973906,-0.03594932057,-0.07844981132
STATIC70_BIL_0bps,inflation2022,2022-01-03,2022-12-30,-0.1236503342,-0.1231912081,-0.1739578848,0.0540020925
STATIC70_BIL_0bps,2023_2025,2023-01-03,2025-12-31,0.1739712684,0.6138632436,-0.1319855349,-0.05216107969
STATIC70_BIL_0bps,2026_YTD,2026-01-02,2026-07-31,0.1385330408,0.07750948436,-0.06070480381,-0.04161311958
ABS12_BIL_0bps,2016_2019,2016-01-04,2019-12-31,0.0967383811,0.4457522956,-0.1928663299,-0.04602266162
ABS12_BIL_0bps,covid2020,2020-01-02,2020-12-31,0.03127272559,0.03139875193,-0.3368469246,-0.1422730598
ABS12_BIL_0bps,2021,2021-01-04,2021-12-31,0.2851540647,0.2851540647,-0.05112956347,0
ABS12_BIL_0bps,inflation2022,2022-01-03,2022-12-30,-0.1229136881,-0.122457102,-0.1818237519,0.05279858935
ABS12_BIL_0bps,2023_2025,2023-01-03,2025-12-31,0.2001083475,0.7234706903,-0.1870595745,-0.02564563174
ABS12_BIL_0bps,2026_YTD,2026-01-02,2026-07-31,0.181122551,0.1005208916,-0.08882821034,0
SMA10_BIL_0bps,2016_2019,2016-01-04,2019-12-31,0.07098909735,0.3149335601,-0.2077108479,-0.07027370154
SMA10_BIL_0bps,covid2020,2020-01-02,2020-12-31,0.1908667957,0.1916925673,-0.1267280089,-0.0365675895
SMA10_BIL_0bps,2021,2021-01-04,2021-12-31,0.2851540647,0.2851540647,-0.05112956347,0
SMA10_BIL_0bps,inflation2022,2022-01-03,2022-12-30,-0.2109589944,-0.2102167686,-0.2267893694,-0.05780232436
SMA10_BIL_0bps,2023_2025,2023-01-03,2025-12-31,0.1509964066,0.5214317506,-0.1002736783,-0.07026895625
SMA10_BIL_0bps,2026_YTD,2026-01-02,2026-07-31,0.006502699885,0.003736483309,-0.08882821034,-0.1612884595
SPY_BIL_10bps,2016_2019,2016-01-04,2019-12-31,0.1470379162,0.729172248,-0.1928663299,-0.0002502467711
SPY_BIL_10bps,covid2020,2020-01-02,2020-12-31,0.1814134304,0.1821952575,-0.3368469246,0
SPY_BIL_10bps,2021,2021-01-04,2021-12-31,0.2851540647,0.2851540647,-0.05112956347,0
SPY_BIL_10bps,inflation2022,2022-01-03,2022-12-30,-0.1820460037,-0.1813934928,-0.2447419456,0
SPY_BIL_10bps,2023_2025,2023-01-03,2025-12-31,0.2296570958,0.8532197403,-0.1870595745,0
SPY_BIL_10bps,2026_YTD,2026-01-02,2026-07-31,0.181122551,0.1005208916,-0.08882821034,0
DEFENSIVE_BIL_10bps,2016_2019,2016-01-04,2019-12-31,0.01115211894,0.04526825022,-0.001119452719,-0.1345732581
DEFENSIVE_BIL_10bps,covid2020,2020-01-02,2020-12-31,0.003914172029,0.003929734937,-0.0004044814994,-0.2219387397
DEFENSIVE_BIL_10bps,2021,2021-01-04,2021-12-31,-0.0009775058699,-0.0009775058699,-0.0009775058699,-0.2604794629
DEFENSIVE_BIL_10bps,inflation2022,2022-01-03,2022-12-30,0.01364522584,0.01359071182,-0.000291761423,0.185494725
DEFENSIVE_BIL_10bps,2023_2025,2023-01-03,2025-12-31,0.04793658371,0.1499586597,-0.0002869999127,-0.1712140436
DEFENSIVE_BIL_10bps,2026_YTD,2026-01-02,2026-07-31,0.03636340295,0.02076458716,0,-0.1402697738
STATIC80_BIL_10bps,2016_2019,2016-01-04,2019-12-31,0.119718585,0.5705283976,-0.1543066995,-0.02736440974
STATIC80_BIL_10bps,covid2020,2020-01-02,2020-12-31,0.1524670858,0.1531162398,-0.273303215,-0.04766142389
STATIC80_BIL_10bps,2021,2021-01-04,2021-12-31,0.2232695769,0.2232695769,-0.04103291075,-0.05243681396
STATIC80_BIL_10bps,inflation2022,2022-01-03,2022-12-30,-0.1433705393,-0.1428443331,-0.1981092566,0.03561148392
STATIC80_BIL_10bps,2023_2025,2023-01-03,2025-12-31,0.1922841083,0.6901563797,-0.150610157,-0.03498194938
STATIC80_BIL_10bps,2026_YTD,2026-01-02,2026-07-31,0.1526705582,0.08518798439,-0.07008561983,-0.02784086462
STATIC70_BIL_10bps,2016_2019,2016-01-04,2019-12-31,0.1060723002,0.4955005488,-0.1348203211,-0.04086689297
STATIC70_BIL_10bps,covid2020,2020-01-02,2020-12-31,0.1365468978,0.1371243138,-0.2407463711,-0.07061029842
STATIC70_BIL_10bps,2021,2021-01-04,2021-12-31,0.1932295274,0.1932295274,-0.03596417616,-0.07859103123
STATIC70_BIL_10bps,inflation2022,2022-01-03,2022-12-30,-0.1239016512,-0.1234416591,-0.1741381407,0.05371443254
STATIC70_BIL_10bps,2023_2025,2023-01-03,2025-12-31,0.1737828786,0.6130905365,-0.1320098287,-0.05232165409
STATIC70_BIL_10bps,2026_YTD,2026-01-02,2026-07-31,0.1383354574,0.07740188507,-0.06071086526,-0.0417870925
ABS12_BIL_10bps,2016_2019,2016-01-04,2019-12-31,0.09426873516,0.4327996147,-0.1928663299,-0.04827538025
ABS12_BIL_10bps,covid2020,2020-01-02,2020-12-31,0.02717211226,0.02728139576,-0.3368469246,-0.1461658983
ABS12_BIL_10bps,2021,2021-01-04,2021-12-31,0.2851540647,0.2851540647,-0.05112956347,0
ABS12_BIL_10bps,inflation2022,2022-01-03,2022-12-30,-0.1246730831,-0.1242104345,-0.1818237519,0.05080740059
ABS12_BIL_10bps,2023_2025,2023-01-03,2025-12-31,0.1993042888,0.7200271925,-0.1870595745,-0.02631522592
ABS12_BIL_10bps,2026_YTD,2026-01-02,2026-07-31,0.181122551,0.1005208916,-0.08882821034,0
SMA10_BIL_10bps,2016_2019,2016-01-04,2019-12-31,0.06643817372,0.2927692644,-0.2108736757,-0.07453234338
SMA10_BIL_10bps,covid2020,2020-01-02,2020-12-31,0.1861315941,0.1869353163,-0.1267280089,-0.04063913807
SMA10_BIL_10bps,2021,2021-01-04,2021-12-31,0.2851540647,0.2851540647,-0.05112956347,0
SMA10_BIL_10bps,inflation2022,2022-01-03,2022-12-30,-0.2172710904,-0.2165098307,-0.2329503796,-0.06580682791
SMA10_BIL_10bps,2023_2025,2023-01-03,2025-12-31,0.1463772239,0.5032836698,-0.1002736783,-0.07429353871
SMA10_BIL_10bps,2026_YTD,2026-01-02,2026-07-31,-0.000469967443,-0.0002704447616,-0.08882821034,-0.1682592039
SPY_BIL_20bps,2016_2019,2016-01-04,2019-12-31,0.1467510528,0.7274465272,-0.1928663299,-0.0004999940477
SPY_BIL_20bps,covid2020,2020-01-02,2020-12-31,0.1814134304,0.1821952575,-0.3368469246,0
SPY_BIL_20bps,2021,2021-01-04,2021-12-31,0.2851540647,0.2851540647,-0.05112956347,0
SPY_BIL_20bps,inflation2022,2022-01-03,2022-12-30,-0.1820460037,-0.1813934928,-0.2447419456,0
SPY_BIL_20bps,2023_2025,2023-01-03,2025-12-31,0.2296570958,0.8532197403,-0.1870595745,0
SPY_BIL_20bps,2026_YTD,2026-01-02,2026-07-31,0.181122551,0.1005208916,-0.08882821034,0
DEFENSIVE_BIL_20bps,2016_2019,2016-01-04,2019-12-31,0.01089923932,0.04422506834,-0.002116339492,-0.1348230054
DEFENSIVE_BIL_20bps,covid2020,2020-01-02,2020-12-31,0.003914172029,0.003929734937,-0.0004044814994,-0.2219387397
DEFENSIVE_BIL_20bps,2021,2021-01-04,2021-12-31,-0.0009775058699,-0.0009775058699,-0.0009775058699,-0.2604794629
DEFENSIVE_BIL_20bps,inflation2022,2022-01-03,2022-12-30,0.01364522584,0.01359071182,-0.000291761423,0.185494725
DEFENSIVE_BIL_20bps,2023_2025,2023-01-03,2025-12-31,0.04793658371,0.1499586597,-0.0002869999127,-0.1712140436
DEFENSIVE_BIL_20bps,2026_YTD,2026-01-02,2026-07-31,0.03636340295,0.02076458716,0,-0.1402697738
STATIC80_BIL_20bps,2016_2019,2016-01-04,2019-12-31,0.1193215188,0.5683062807,-0.1543322132,-0.02771887948
STATIC80_BIL_20bps,covid2020,2020-01-02,2020-12-31,0.1521553637,0.1528031047,-0.2733148198,-0.04792983018
STATIC80_BIL_20bps,2021,2021-01-04,2021-12-31,0.223138672,0.223138672,-0.04104419541,-0.0525443092
STATIC80_BIL_20bps,inflation2022,2022-01-03,2022-12-30,-0.1435579382,-0.1430311031,-0.1982429534,0.03539195585
STATIC80_BIL_20bps,2023_2025,2023-01-03,2025-12-31,0.1921384902,0.6895404555,-0.1506283073,-0.03510416223
STATIC80_BIL_20bps,2026_YTD,2026-01-02,2026-07-31,0.1525185738,0.08510565052,-0.07009462202,-0.02797308343
STATIC70_BIL_20bps,2016_2019,2016-01-04,2019-12-31,0.1056439035,0.4931895753,-0.1348544437,-0.04125410215
STATIC70_BIL_20bps,covid2020,2020-01-02,2020-12-31,0.1361442368,0.13671985,-0.2407622152,-0.07096229983
STATIC70_BIL_20bps,2021,2021-01-04,2021-12-31,0.1930615969,0.1930615969,-0.03597901986,-0.07873232566
STATIC70_BIL_20bps,inflation2022,2022-01-03,2022-12-30,-0.1241528722,-0.1236920147,-0.1743182889,0.05342680826
STATIC70_BIL_20bps,2023_2025,2023-01-03,2025-12-31,0.1735944621,0.6123179663,-0.1320341028,-0.0524822742
STATIC70_BIL_20bps,2026_YTD,2026-01-02,2026-07-31,0.1381378524,0.07729426609,-0.06071692187,-0.04196111046
ABS12_BIL_20bps,2016_2019,2016-01-04,2019-12-31,0.09180491897,0.419964373,-0.1928663299,-0.05052360243
ABS12_BIL_20bps,covid2020,2020-01-02,2020-12-31,0.02308779591,0.02318046793,-0.3368469246,-0.1500509666
ABS12_BIL_20bps,2021,2021-01-04,2021-12-31,0.2851540647,0.2851540647,-0.05112956347,0
ABS12_BIL_20bps,inflation2022,2022-01-03,2022-12-30,-0.1264289523,-0.1259602673,-0.1818237519,0.04882018627
ABS12_BIL_20bps,2023_2025,2023-01-03,2025-12-31,0.1985007672,0.7165905678,-0.1870595745,-0.02698348358
ABS12_BIL_20bps,2026_YTD,2026-01-02,2026-07-31,0.181122551,0.1005208916,-0.08882821034,0
SMA10_BIL_20bps,2016_2019,2016-01-04,2019-12-31,0.06190684517,0.270979794,-0.2155958618,-0.07878248494
SMA10_BIL_20bps,covid2020,2020-01-02,2020-12-31,0.1814152116,0.1821970469,-0.1267280089,-0.04470255981
SMA10_BIL_20bps,2021,2021-01-04,2021-12-31,0.2851540647,0.2851540647,-0.05112956347,0
SMA10_BIL_20bps,inflation2022,2022-01-03,2022-12-30,-0.2235327039,-0.2227527616,-0.2390623105,-0.0737953544
SMA10_BIL_20bps,2023_2025,2023-01-03,2025-12-31,0.1417765697,0.485352029,-0.1002736783,-0.07831008806
SMA10_BIL_20bps,2026_YTD,2026-01-02,2026-07-31,-0.007394344588,-0.004261385093,-0.08882821034,-0.1752160348
SPY_ZERO_CASH_0bps,2016_2019,2016-01-04,2019-12-31,0.1473251382,0.7309014202,-0.1928663299,0
SPY_ZERO_CASH_0bps,covid2020,2020-01-02,2020-12-31,0.1814134304,0.1821952575,-0.3368469246,0
SPY_ZERO_CASH_0bps,2021,2021-01-04,2021-12-31,0.2851540647,0.2851540647,-0.05112956347,0
SPY_ZERO_CASH_0bps,inflation2022,2022-01-03,2022-12-30,-0.1820460037,-0.1813934928,-0.2447419456,0
SPY_ZERO_CASH_0bps,2023_2025,2023-01-03,2025-12-31,0.2296570958,0.8532197403,-0.1870595745,0
SPY_ZERO_CASH_0bps,2026_YTD,2026-01-02,2026-07-31,0.181122551,0.1005208916,-0.08882821034,0
DEFENSIVE_ZERO_CASH_0bps,2016_2019,2016-01-04,2019-12-31,0,0,0,-0.1456643431
DEFENSIVE_ZERO_CASH_0bps,covid2020,2020-01-02,2020-12-31,0,0,0,-0.2258456102
DEFENSIVE_ZERO_CASH_0bps,2021,2021-01-04,2021-12-31,0,0,0,-0.2595014857
DEFENSIVE_ZERO_CASH_0bps,inflation2022,2022-01-03,2022-12-30,0,0,0,0.1719405349
DEFENSIVE_ZERO_CASH_0bps,2023_2025,2023-01-03,2025-12-31,0,0,0,-0.2180434019
DEFENSIVE_ZERO_CASH_0bps,2026_YTD,2026-01-02,2026-07-31,0,0,0,-0.1759911751
STATIC80_ZERO_CASH_0bps,2016_2019,2016-01-04,2019-12-31,0.1175961968,0.5586781495,-0.1552265525,-0.0292611954
STATIC80_ZERO_CASH_0bps,covid2020,2020-01-02,2020-12-31,0.1517897178,0.1524358016,-0.2737304627,-0.04822551456
STATIC80_ZERO_CASH_0bps,2021,2021-01-04,2021-12-31,0.2236357316,0.2236357316,-0.04100181234,-0.05213697117
STATIC80_ZERO_CASH_0bps,inflation2022,2022-01-03,2022-12-30,-0.1455257832,-0.1449923538,-0.1989227252,0.03309427338
STATIC80_ZERO_CASH_0bps,2023_2025,2023-01-03,2025-12-31,0.1814507772,0.6447407118,-0.1515619704,-0.04411257245
STATIC80_ZERO_CASH_0bps,2026_YTD,2026-01-02,2026-07-31,0.1446957799,0.08086159716,-0.07122025874,-0.03478205302
STATIC70_ZERO_CASH_0bps,2016_2019,2016-01-04,2019-12-31,0.1027665673,0.4777371546,-0.1362277981,-0.04385967255
STATIC70_ZERO_CASH_0bps,covid2020,2020-01-02,2020-12-31,0.1355053652,0.1360781189,-0.2413983838,-0.07149912574
STATIC70_ZERO_CASH_0bps,2021,2021-01-04,2021-12-31,0.1937424589,0.1937424589,-0.03591956991,-0.07816058032
STATIC70_ZERO_CASH_0bps,inflation2022,2022-01-03,2022-12-30,-0.1272367247,-0.1267652674,-0.1754149524,0.04990215682
STATIC70_ZERO_CASH_0bps,2023_2025,2023-01-03,2025-12-31,0.1577718206,0.5483139841,-0.1334625206,-0.0660609346
STATIC70_ZERO_CASH_0bps,2026_YTD,2026-01-02,2026-07-31,0.126502365,0.0709433307,-0.0623867261,-0.05223562824
ABS12_ZERO_CASH_0bps,2016_2019,2016-01-04,2019-12-31,0.09564486616,0.4400063018,-0.1928663299,-0.04702028151
ABS12_ZERO_CASH_0bps,covid2020,2020-01-02,2020-12-31,0.03136704406,0.03149345627,-0.3368469246,-0.1421816145
ABS12_ZERO_CASH_0bps,2021,2021-01-04,2021-12-31,0.2851540647,0.2851540647,-0.05112956347,0
ABS12_ZERO_CASH_0bps,inflation2022,2022-01-03,2022-12-30,-0.1344492382,-0.1339531587,-0.1818237519,0.03955801233
ABS12_ZERO_CASH_0bps,2023_2025,2023-01-03,2025-12-31,0.1944707931,0.6994234096,-0.1870595745,-0.03035485948
ABS12_ZERO_CASH_0bps,2026_YTD,2026-01-02,2026-07-31,0.181122551,0.1005208916,-0.08882821034,0
SMA10_ZERO_CASH_0bps,2016_2019,2016-01-04,2019-12-31,0.06894734456,0.3049547094,-0.2091491397,-0.07218205657
SMA10_ZERO_CASH_0bps,covid2020,2020-01-02,2020-12-31,0.1889816528,0.1897986373,-0.1267280089,-0.03815206566
SMA10_ZERO_CASH_0bps,2021,2021-01-04,2021-12-31,0.2851540647,0.2851540647,-0.05112956347,0
SMA10_ZERO_CASH_0bps,inflation2022,2022-01-03,2022-12-30,-0.2189191607,-0.2181529644,-0.2345590343,-0.06794279421
SMA10_ZERO_CASH_0bps,2023_2025,2023-01-03,2025-12-31,0.1453386691,0.4992232614,-0.1002736783,-0.07519721251
SMA10_ZERO_CASH_0bps,2026_YTD,2026-01-02,2026-07-31,0.001066576693,0.0006135659485,-0.08882821034,-0.166704657
SPY_ZERO_CASH_10bps,2016_2019,2016-01-04,2019-12-31,0.1470379162,0.729172248,-0.1928663299,-0.0002502467711
SPY_ZERO_CASH_10bps,covid2020,2020-01-02,2020-12-31,0.1814134304,0.1821952575,-0.3368469246,0
SPY_ZERO_CASH_10bps,2021,2021-01-04,2021-12-31,0.2851540647,0.2851540647,-0.05112956347,0
SPY_ZERO_CASH_10bps,inflation2022,2022-01-03,2022-12-30,-0.1820460037,-0.1813934928,-0.2447419456,0
SPY_ZERO_CASH_10bps,2023_2025,2023-01-03,2025-12-31,0.2296570958,0.8532197403,-0.1870595745,0
SPY_ZERO_CASH_10bps,2026_YTD,2026-01-02,2026-07-31,0.181122551,0.1005208916,-0.08882821034,0
DEFENSIVE_ZERO_CASH_10bps,2016_2019,2016-01-04,2019-12-31,0,0,0,-0.1456643431
DEFENSIVE_ZERO_CASH_10bps,covid2020,2020-01-02,2020-12-31,0,0,0,-0.2258456102
DEFENSIVE_ZERO_CASH_10bps,2021,2021-01-04,2021-12-31,0,0,0,-0.2595014857
DEFENSIVE_ZERO_CASH_10bps,inflation2022,2022-01-03,2022-12-30,0,0,0,0.1719405349
DEFENSIVE_ZERO_CASH_10bps,2023_2025,2023-01-03,2025-12-31,0,0,0,-0.2180434019
DEFENSIVE_ZERO_CASH_10bps,2026_YTD,2026-01-02,2026-07-31,0,0,0,-0.1759911751
STATIC80_ZERO_CASH_10bps,2016_2019,2016-01-04,2019-12-31,0.1173131892,0.5571030696,-0.1552394913,-0.02951446544
STATIC80_ZERO_CASH_10bps,covid2020,2020-01-02,2020-12-31,0.151634586,0.1522799669,-0.2737361199,-0.04835916403
STATIC80_ZERO_CASH_10bps,2021,2021-01-04,2021-12-31,0.2235704205,0.2235704205,-0.04100747464,-0.05219058605
STATIC80_ZERO_CASH_10bps,inflation2022,2022-01-03,2022-12-30,-0.1456193561,-0.1450856136,-0.1989890289,0.03298439453
STATIC80_ZERO_CASH_10bps,2023_2025,2023-01-03,2025-12-31,0.1813757079,0.64442887,-0.1515701508,-0.0441761528
STATIC80_ZERO_CASH_10bps,2026_YTD,2026-01-02,2026-07-31,0.1446193494,0.08082007115,-0.07122474244,-0.03484900667
STATIC70_ZERO_CASH_10bps,2016_2019,2016-01-04,2019-12-31,0.1024966191,0.4762936027,-0.1362450967,-0.04410453628
STATIC70_ZERO_CASH_10bps,covid2020,2020-01-02,2020-12-31,0.1353050009,0.1358768581,-0.2414061026,-0.07167443605
STATIC70_ZERO_CASH_10bps,2021,2021-01-04,2021-12-31,0.1936586373,0.1936586373,-0.03592701432,-0.07823107541
STATIC70_ZERO_CASH_10bps,inflation2022,2022-01-03,2022-12-30,-0.1273620145,-0.1268901274,-0.1755042306,0.04975818133
STATIC70_ZERO_CASH_10bps,2023_2025,2023-01-03,2025-12-31,0.1576750513,0.547927835,-0.1334734529,-0.06614456586
STATIC70_ZERO_CASH_10bps,2026_YTD,2026-01-02,2026-07-31,0.1264032729,0.0708891245,-0.0623926697,-0.05232380649
ABS12_ZERO_CASH_10bps,2016_2019,2016-01-04,2019-12-31,0.09427358292,0.4328249545,-0.1928663299,-0.04827222932
ABS12_ZERO_CASH_10bps,covid2020,2020-01-02,2020-12-31,0.02931450749,0.02943253028,-0.3368469246,-0.1441289932
ABS12_ZERO_CASH_10bps,2021,2021-01-04,2021-12-31,0.2851540647,0.2851540647,-0.05112956347,0
ABS12_ZERO_CASH_10bps,inflation2022,2022-01-03,2022-12-30,-0.1353182356,-0.1348192055,-0.1818237519,0.03856142236
ABS12_ZERO_CASH_10bps,2023_2025,2023-01-03,2025-12-31,0.1940707853,0.6977256839,-0.1870595745,-0.03068963109
ABS12_ZERO_CASH_10bps,2026_YTD,2026-01-02,2026-07-31,0.181122551,0.1005208916,-0.08882821034,0
SMA10_ZERO_CASH_10bps,2016_2019,2016-01-04,2019-12-31,0.06654027874,0.2932634522,-0.2107292613,-0.07443745039
SMA10_ZERO_CASH_10bps,covid2020,2020-01-02,2020-12-31,0.1866154454,0.1874214172,-0.1267280089,-0.04018888361
SMA10_ZERO_CASH_10bps,2021,2021-01-04,2021-12-31,0.2851540647,0.2851540647,-0.05112956347,0
SMA10_ZERO_CASH_10bps,inflation2022,2022-01-03,2022-12-30,-0.2220496425,-0.2212741071,-0.2376146838,-0.07194694001
SMA10_ZERO_CASH_10bps,2023_2025,2023-01-03,2025-12-31,0.1430381201,0.490254851,-0.1002736783,-0.07721030916
SMA10_ZERO_CASH_10bps,2026_YTD,2026-01-02,2026-07-31,-0.002406953554,-0.001385661955,-0.08882821034,-0.1701912645
SPY_ZERO_CASH_20bps,2016_2019,2016-01-04,2019-12-31,0.1467510528,0.7274465272,-0.1928663299,-0.0004999940477
SPY_ZERO_CASH_20bps,covid2020,2020-01-02,2020-12-31,0.1814134304,0.1821952575,-0.3368469246,0
SPY_ZERO_CASH_20bps,2021,2021-01-04,2021-12-31,0.2851540647,0.2851540647,-0.05112956347,0
SPY_ZERO_CASH_20bps,inflation2022,2022-01-03,2022-12-30,-0.1820460037,-0.1813934928,-0.2447419456,0
SPY_ZERO_CASH_20bps,2023_2025,2023-01-03,2025-12-31,0.2296570958,0.8532197403,-0.1870595745,0
SPY_ZERO_CASH_20bps,2026_YTD,2026-01-02,2026-07-31,0.181122551,0.1005208916,-0.08882821034,0
DEFENSIVE_ZERO_CASH_20bps,2016_2019,2016-01-04,2019-12-31,0,0,0,-0.1456643431
DEFENSIVE_ZERO_CASH_20bps,covid2020,2020-01-02,2020-12-31,0,0,0,-0.2258456102
DEFENSIVE_ZERO_CASH_20bps,2021,2021-01-04,2021-12-31,0,0,0,-0.2595014857
DEFENSIVE_ZERO_CASH_20bps,inflation2022,2022-01-03,2022-12-30,0,0,0,0.1719405349
DEFENSIVE_ZERO_CASH_20bps,2023_2025,2023-01-03,2025-12-31,0,0,0,-0.2180434019
DEFENSIVE_ZERO_CASH_20bps,2026_YTD,2026-01-02,2026-07-31,0,0,0,-0.1759911751
STATIC80_ZERO_CASH_20bps,2016_2019,2016-01-04,2019-12-31,0.1170303961,0.5555303755,-0.1552524227,-0.02976744765
STATIC80_ZERO_CASH_20bps,covid2020,2020-01-02,2020-12-31,0.1514794276,0.1521241055,-0.2737417681,-0.04849285343
STATIC80_ZERO_CASH_20bps,2021,2021-01-04,2021-12-31,0.223505044,0.223505044,-0.0410131279,-0.05224425731
STATIC80_ZERO_CASH_20bps,inflation2022,2022-01-03,2022-12-30,-0.1457128982,-0.1451788427,-0.1990552741,0.03287454127
STATIC80_ZERO_CASH_20bps,2023_2025,2023-01-03,2025-12-31,0.1813005881,0.644116858,-0.1515783181,-0.04423977959
STATIC80_ZERO_CASH_20bps,2026_YTD,2026-01-02,2026-07-31,0.1445428742,0.08077851968,-0.07122922729,-0.0349160033
STATIC70_ZERO_CASH_20bps,2016_2019,2016-01-04,2019-12-31,0.1022268307,0.4748519614,-0.1362623867,-0.04434919221
STATIC70_ZERO_CASH_20bps,covid2020,2020-01-02,2020-12-31,0.1351046132,0.1356755739,-0.2414138106,-0.07184979486
STATIC70_ZERO_CASH_20bps,2021,2021-01-04,2021-12-31,0.1935747437,0.1935747437,-0.03593444832,-0.07830163551
STATIC70_ZERO_CASH_20bps,inflation2022,2022-01-03,2022-12-30,-0.1274872639,-0.1270149473,-0.1755934377,0.04961423394
STATIC70_ZERO_CASH_20bps,2023_2025,2023-01-03,2025-12-31,0.1575782271,0.5475415309,-0.1334843698,-0.06622825092
STATIC70_ZERO_CASH_20bps,2026_YTD,2026-01-02,2026-07-31,0.1263041321,0.07083488962,-0.06239861464,-0.05241203475
ABS12_ZERO_CASH_20bps,2016_2019,2016-01-04,2019-12-31,0.09290428698,0.4256808321,-0.1928663299,-0.04952267864
ABS12_ZERO_CASH_20bps,covid2020,2020-01-02,2020-12-31,0.0272660516,0.02737571792,-0.3368469246,-0.1460743858
ABS12_ZERO_CASH_20bps,2021,2021-01-04,2021-12-31,0.2851540647,0.2851540647,-0.05112956347,0
ABS12_ZERO_CASH_20bps,inflation2022,2022-01-03,2022-12-30,-0.1361872296,-0.1356852524,-0.1818237519,0.03756483239
ABS12_ZERO_CASH_20bps,2023_2025,2023-01-03,2025-12-31,0.1936713107,0.6960313469,-0.1870595745,-0.0310237345
ABS12_ZERO_CASH_20bps,2026_YTD,2026-01-02,2026-07-31,0.181122551,0.1005208916,-0.08882821034,0
SMA10_ZERO_CASH_20bps,2016_2019,2016-01-04,2019-12-31,0.06413889495,0.2816781971,-0.212306229,-0.07669034675
SMA10_ZERO_CASH_20bps,covid2020,2020-01-02,2020-12-31,0.1842539423,0.1850489421,-0.1267280089,-0.04222371542
SMA10_ZERO_CASH_20bps,2021,2021-01-04,2021-12-31,0.2851540647,0.2851540647,-0.05112956347,0
SMA10_ZERO_CASH_20bps,inflation2022,2022-01-03,2022-12-30,-0.2251675839,-0.2243827964,-0.2406581412,-0.07594708189
SMA10_ZERO_CASH_20bps,2023_2025,2023-01-03,2025-12-31,0.1407421874,0.4813400721,-0.1002736783,-0.07922140119
SMA10_ZERO_CASH_20bps,2026_YTD,2026-01-02,2026-07-31,-0.005868438155,-0.003380899385,-0.08882821034,-0.1736744065
