candidate,rank,representative,description,confidence,complexity,agentic_upside,name,family,dataset,scenario,benchmark,parameter,timing,data_quality,tradable_holdings_known,period,start,end,observations,cagr,annualized_volatility,sharpe,sortino,max_drawdown,calmar,beta,correlation,excess_cagr,annualized_mean_excess_vs_benchmark,monthly_positive_rate,worst_year,worst_year_return,best_year,best_year_return,annual_traded_notional,annual_one_way_equivalent_turnover,annual_transaction_cost_fraction,mean_invested_fraction,mean_holdings,completed_holding_spells,censored_open_spells,left_censored_spells,mean_completed_holding_months,assumed_annual_internal_drag,backtest_quality,worst_regime,best_regime,cost_type,long_only_compatible,robinhood_compatibility,production_ready
ETF absolute momentum,BUILD FIRST,SPY_absolute252_rf_5bps,Equity ETF with positive 252-session return; otherwise cash/RF,Medium for defensive purpose; low for excess return,Low,"Replication and failure-regime audits, not discretionary sizing",SPY_absolute252_rf_5bps,ETF trend,actual ETF snapshot,5bps_rf,SPY,absolute/252,next session close,EXPLORATORY,True,full,2001-01-03,2015-12-31,3772,0.080629351,0.12218302,0.57859104,0.81067882,-0.1860547,0.43336369,0.3757618,0.61297445,0.029571742,0.015381885,0.64444444,2015,-0.076443567,2013,0.32307759,0.46752287,0.23376143,0.00023479813,0.71765642,0.71765642,3,1,0,42.301587,,EXPLORATORY; see source/sample limitations,2008_2009,2010_2019,Measured simulated traded-notional fees,True,"Conceptually long equity/ETF; entitlement, sizing and settlement unverified",False
ETF moving-average trend,BUILD FIRST comparator,SPY_sma210_rf_5bps,Single equity ETF above its 210-session SMA; monthly decisions,Medium for defensive purpose; low for excess return,Low,"Falsify timing, cash-yield and rebound assumptions",SPY_sma210_rf_5bps,ETF trend,actual ETF snapshot,5bps_rf,SPY,sma/210,next session close,EXPLORATORY,True,full,2001-01-03,2015-12-31,3772,0.087335916,0.11365201,0.66760999,0.93474189,-0.17308099,0.50459567,0.32511793,0.57013345,0.036278307,0.020565216,0.64444444,2015,-0.082941749,2013,0.32307759,0.73468833,0.36734417,0.00036555502,0.69538706,0.69538706,5,1,0,24.580952,,EXPLORATORY; see source/sample limitations,2000_2007,2008_2009,Measured simulated traded-notional fees,True,"Conceptually long equity/ETF; entitlement, sizing and settlement unverified",False
Quality-oriented diversifying sleeve,BUILD SECOND paper comparison,long_quality_drag0.005,French large robust-profitability basket; ETF implementation untested,"Medium-low; proxy only, market-correlated",Low-medium for ETF; high for custom PIT stocks,"Audit accounting definitions, restatements and valuation crowding",long_quality_drag0.005,academic long leg,"French portfolio, not ETF",base,"French market, not SPY",long_quality,provider PIT convention; revised vintage,EXPLORATORY,False,full,1964-01-31,2026-07-31,751,0.1139552,0.1517356,0.50127216,0.75138172,-0.48195303,0.23644461,0.95378388,0.97056273,0.0070296406,0.0059131997,0.62450067,1974,-0.31733869,1991,0.42424033,,,,1,,,,,,0.005,EXPLORATORY; see source/sample limitations,2008_2009,2020_onward,"Assumed annual internal drag, not observed turnover",True,"Conceptually long equity/ETF; entitlement, sizing and settlement unverified",False
Cross-sectional stock momentum,RESEARCH MORE,stocks_mom252_n20_monthly_liq5e+07_15bps,"12-1 ranking, 20 stocks, monthly, $50m trailing-dollar-volume screen",Low: survivor panel and weak equal-universe comparison,Medium,Concentration/turnover degradation tests and data anomaly review,stocks_mom252_n20_monthly_liq5e+07_15bps,stock momentum,survivor stock snapshot,15bps,SPY,"(252,);n=20;monthly;liq=50000000",next session close,EXPLORATORY,True,full,2004-01-05,2012-08-31,2183,0.084273581,0.2079604,0.40835332,0.57009223,-0.48037761,0.17543195,0.8914402,0.91708381,0.036076287,0.032654967,0.68269231,2008,-0.28554936,2007,0.22805591,5.50727,2.753635,0.008270695,0.99129638,19.825928,430,20,0,4.5468439,,EXPLORATORY; see source/sample limitations,2008_2009,2000_2007,Measured simulated traded-notional fees,True,"Conceptually long equity/ETF; entitlement, sizing and settlement unverified",False
Momentum-quality stock filter,RESEARCH MORE / IMPLEMENTATION REJECTED NOW,,One quality filter on the momentum universe; separate from composite,Unestablished; joined PIT fundamentals unavailable,Medium-high,Timestamped hypotheses after a pure-momentum baseline,,,,,,,,INSUFFICIENT,,,,,,,,,,,,,,,,,,,,,,,,,,,,,,,NOT RUN; no substitute proxy,,,,True,"Conceptually long equity/ETF; entitlement, sizing and settlement unverified",False
Momentum-quality composite score,RESEARCH MORE / IMPLEMENTATION REJECTED NOW,,"Small rank composite, not tested or inferred from sleeve blending",Unestablished; extra complexity has no measured incremental support,High relative to simple baselines,Challenge added-feature value; reject unearned complexity,,,,,,,,INSUFFICIENT,,,,,,,,,,,,,,,,,,,,,,,,,,,,,,,NOT RUN; no substitute proxy,,,,True,"Conceptually long equity/ETF; entitlement, sizing and settlement unverified",False
Value sleeve,WATCH,long_value_drag0.005,"Large high-book-to-market long portfolio, not a defensive hedge",Low-medium; regime dependence and unknown implementation,Medium,Investigate value traps and changing accounting comparability,long_value_drag0.005,academic long leg,"French portfolio, not ETF",base,"French market, not SPY",long_value,provider PIT convention; revised vintage,EXPLORATORY,False,full,1964-01-31,2026-07-31,751,0.124999,0.17519171,0.51472497,0.77120166,-0.62098394,0.20129184,0.97808734,0.86414835,0.018073442,0.019842688,0.62316911,2008,-0.38544868,1975,0.55011207,,,,1,,,,,,0.005,EXPLORATORY; see source/sample limitations,2008_2009,2020_onward,"Assumed annual internal drag, not observed turnover",True,"Conceptually long equity/ETF; entitlement, sizing and settlement unverified",False
Joint quality/value,REJECT full-sample winner; WATCH family,joint_value_quality_drag0.005,Top-two value/profitability intersection baskets; not size controlled,Low; serious 2010s failure and missing holdings,Medium-high,Explain lost decades rather than tune away the failure,joint_value_quality_drag0.005,academic long leg,"French portfolio, not ETF",base,"French market, not SPY",joint_value_quality,provider PIT convention; revised vintage,EXPLORATORY,False,full,1964-01-31,2026-07-31,751,0.14074861,0.20755128,0.5311248,0.82176281,-0.54915213,0.25630168,1.0750424,0.80110122,0.033823058,0.039969021,0.60852197,2015,-0.34490661,2009,0.69897095,,,,1,,,,,,0.005,EXPLORATORY; see source/sample limitations,2010_2019,pre2000,"Assumed annual internal drag, not observed turnover",True,"Conceptually long equity/ETF; entitlement, sizing and settlement unverified",False
Numeric PEAD / earnings momentum,WATCH / IMPLEMENTATION REJECTED NOW,,"Earnings/revenue surprises, revisions, confirmation and guidance",No implementation evidence; free PIT consensus/timing missing,High,Bounded guidance/text research after numeric validation,,,,,,,,INSUFFICIENT,,,,,,,,,,,,,,,,,,,,,,,,,,,,,,,NOT RUN; no substitute proxy,,,,True,"Conceptually long equity/ETF; entitlement, sizing and settlement unverified",False
