name,family,dataset,scenario,benchmark,parameter,timing,data_quality,tradable_holdings_known,period,start,end,observations,cagr,annualized_volatility,sharpe,sortino,max_drawdown,calmar,beta,correlation,excess_cagr,annualized_mean_excess_vs_benchmark,monthly_positive_rate,worst_year,worst_year_return,best_year,best_year_return,annual_traded_notional,annual_one_way_equivalent_turnover,annual_transaction_cost_fraction,mean_invested_fraction,mean_holdings,completed_holding_spells,censored_open_spells,left_censored_spells,mean_completed_holding_months,assumed_annual_internal_drag
long_quality_drag0.005,academic long leg,"French portfolio, not ETF",base,"French market, not SPY",long_quality,provider PIT convention; revised vintage,EXPLORATORY,False,full,1964-01-31,2026-07-31,751,0.1139552,0.1517356,0.50127216,0.75138172,-0.48195303,0.23644461,0.95378388,0.97056273,0.0070296406,0.0059131997,0.62450067,1974,-0.31733869,1991,0.42424033,,,,1,,,,,,0.005
long_quality_drag0.005,academic long leg,"French portfolio, not ETF",base,"French market, not SPY",long_quality,provider PIT convention; revised vintage,EXPLORATORY,False,pre2000,1964-01-31,1999-12-31,432,0.12685234,0.15654229,0.44795697,0.6674356,-0.48195303,0.26320477,1.0001342,0.97592185,0.0022928749,0.0026031256,0.61111111,1974,-0.31733869,1991,0.42424033,,,,1,,,,,,0.005
long_quality_drag0.005,academic long leg,"French portfolio, not ETF",base,"French market, not SPY",long_quality,provider PIT convention; revised vintage,EXPLORATORY,False,2000_2007,2000-01-31,2007-12-31,96,0.03049391,0.12281202,0.045921071,0.063315245,-0.35990641,0.084727334,0.8029002,0.93861986,0.010450772,0.0074048985,0.59375,2002,-0.19177806,2003,0.21912172,,,,1,,,,,,0.005
long_quality_drag0.005,academic long leg,"French portfolio, not ETF",base,"French market, not SPY",long_quality,provider PIT convention; revised vintage,EXPLORATORY,False,2008_2009,2008-01-31,2009-12-31,24,-0.049093565,0.20322983,-0.1868109,-0.23586683,-0.3943626,-0.12448839,0.8391594,0.98440804,0.049157741,0.044985154,0.58333333,2008,-0.28907902,2009,0.27190374,,,,1,,,,,,0.005
long_quality_drag0.005,academic long leg,"French portfolio, not ETF",base,"French market, not SPY",long_quality,provider PIT convention; revised vintage,EXPLORATORY,False,2010_2019,2010-01-31,2019-12-31,120,0.14090285,0.12393906,1.0896964,1.8062785,-0.14370286,0.98051528,0.93654145,0.97888932,0.0060319617,0.004664391,0.7,2018,-0.022698265,2019,0.34297615,,,,1,,,,,,0.005
long_quality_drag0.005,academic long leg,"French portfolio, not ETF",base,"French market, not SPY",long_quality,provider PIT convention; revised vintage,EXPLORATORY,False,2020_onward,2020-01-31,2026-07-31,79,0.16343422,0.17437385,0.80206497,1.3312966,-0.25127557,0.65041827,0.96035238,0.97063013,0.014426413,0.012228125,0.63291139,2022,-0.18490749,2023,0.31614688,,,,1,,,,,,0.005
long_quality_drag0.005,academic long leg,"French portfolio, not ETF",base,"French market, not SPY",long_quality,provider PIT convention; revised vintage,EXPLORATORY,False,dotcom,2000-01-31,2002-12-31,36,-0.10897317,0.16733417,-0.82741856,-1.0138947,-0.35990641,-0.30278196,0.7959905,0.92745431,0.039590121,0.039939472,0.41666667,2002,-0.19177806,2000,-0.059075444,,,,1,,,,,,0.005
long_quality_drag0.005,academic long leg,"French portfolio, not ETF",base,"French market, not SPY",long_quality,provider PIT convention; revised vintage,EXPLORATORY,False,gfc,2008-01-31,2008-12-31,12,-0.28907902,0.19256057,-1.7379451,-1.6719913,-0.30303243,-0.95395409,0.86888364,0.983207,0.078115201,0.10734146,0.33333333,2008,-0.28907902,2008,-0.28907902,,,,1,,,,,,0.005
long_quality_drag0.005,academic long leg,"French portfolio, not ETF",base,"French market, not SPY",long_quality,provider PIT convention; revised vintage,EXPLORATORY,False,rebound2009,2009-01-31,2009-12-31,12,0.27190374,0.18477016,1.3961966,2.3277418,-0.14656973,1.8551152,0.81677206,0.9798171,-0.013088811,-0.017371148,0.83333333,2009,0.27190374,2009,0.27190374,,,,1,,,,,,0.005
long_quality_drag0.005,academic long leg,"French portfolio, not ETF",base,"French market, not SPY",long_quality,provider PIT convention; revised vintage,EXPLORATORY,False,covid2020,2020-01-31,2020-12-31,12,0.28506175,0.2585162,1.0755744,1.9805372,-0.17222297,1.65519,0.92372774,0.98410216,0.045640479,0.032338343,0.66666667,2020,0.28506175,2020,0.28506175,,,,1,,,,,,0.005
long_quality_drag0.005,academic long leg,"French portfolio, not ETF",base,"French market, not SPY",long_quality,provider PIT convention; revised vintage,EXPLORATORY,False,inflation2022,2022-01-31,2022-12-31,12,-0.18490749,0.23205709,-0.83059361,-1.0765649,-0.25127557,-0.73587532,0.98406929,0.98569836,0.015061283,0.018111028,0.33333333,2022,-0.18490749,2022,-0.18490749,,,,1,,,,,,0.005
long_quality_drag0.005,academic long leg,"French portfolio, not ETF",base,"French market, not SPY",long_quality,provider PIT convention; revised vintage,EXPLORATORY,False,2023_2025,2023-01-31,2025-12-31,36,0.24387149,0.12189508,1.4795887,2.8197417,-0.08392079,2.9059723,0.91470923,0.94637978,0.01492135,0.011800928,0.69444444,2025,0.16156722,2023,0.31614688,,,,1,,,,,,0.005
long_value_drag0.005,academic long leg,"French portfolio, not ETF",base,"French market, not SPY",long_value,provider PIT convention; revised vintage,EXPLORATORY,False,full,1964-01-31,2026-07-31,751,0.124999,0.17519171,0.51472497,0.77120166,-0.62098394,0.20129184,0.97808734,0.86414835,0.018073442,0.019842688,0.62316911,2008,-0.38544868,1975,0.55011207,,,,1,,,,,,0.005
long_value_drag0.005,academic long leg,"French portfolio, not ETF",base,"French market, not SPY",long_value,provider PIT convention; revised vintage,EXPLORATORY,False,pre2000,1964-01-31,1999-12-31,432,0.14753096,0.15265961,0.57533731,0.90462118,-0.32156712,0.45878745,0.89768704,0.89903684,0.022971499,0.020260748,0.62731481,1974,-0.23674606,1975,0.55011207,,,,1,,,,,,0.005
long_value_drag0.005,academic long leg,"French portfolio, not ETF",base,"French market, not SPY",long_value,provider PIT convention; revised vintage,EXPLORATORY,False,2000_2007,2000-01-31,2007-12-31,96,0.080495513,0.16429462,0.36066092,0.5384201,-0.42960339,0.18737169,0.85985236,0.75516408,0.060452375,0.060902672,0.61458333,2002,-0.29544515,2000,0.29949111,,,,1,,,,,,0.005
long_value_drag0.005,academic long leg,"French portfolio, not ETF",base,"French market, not SPY",long_value,provider PIT convention; revised vintage,EXPLORATORY,False,2008_2009,2008-01-31,2009-12-31,24,-0.14737841,0.34849579,-0.30240106,-0.37855396,-0.5847299,-0.25204528,1.3408859,0.92055793,-0.049127107,-0.022368205,0.58333333,2008,-0.38544868,2009,0.18291759,,,,1,,,,,,0.005
long_value_drag0.005,academic long leg,"French portfolio, not ETF",base,"French market, not SPY",long_value,provider PIT convention; revised vintage,EXPLORATORY,False,2010_2019,2010-01-31,2019-12-31,120,0.1056387,0.16235989,0.66985808,1.0514063,-0.2506023,0.42153923,1.1441335,0.91218886,-0.029232182,-0.021562052,0.61666667,2018,-0.1492448,2013,0.3930755,,,,1,,,,,,0.005
long_value_drag0.005,academic long leg,"French portfolio, not ETF",base,"French market, not SPY",long_value,provider PIT convention; revised vintage,EXPLORATORY,False,2020_onward,2020-01-31,2026-07-31,79,0.18409315,0.23528477,0.72613016,1.1083927,-0.38153197,0.48251042,1.087082,0.81308028,0.035085343,0.043377744,0.63291139,2020,-0.043300449,2021,0.36258073,,,,1,,,,,,0.005
long_value_drag0.005,academic long leg,"French portfolio, not ETF",base,"French market, not SPY",long_value,provider PIT convention; revised vintage,EXPLORATORY,False,dotcom,2000-01-31,2002-12-31,36,-0.033026581,0.22474745,-0.20565245,-0.28325495,-0.41012163,-0.080528746,0.78759737,0.68992973,0.11553671,0.13227523,0.47222222,2002,-0.29544515,2000,0.29949111,,,,1,,,,,,0.005
long_value_drag0.005,academic long leg,"French portfolio, not ETF",base,"French market, not SPY",long_value,provider PIT convention; revised vintage,EXPLORATORY,False,gfc,2008-01-31,2008-12-31,12,-0.38544868,0.29166794,-1.5473727,-1.5241354,-0.39401446,-0.97826023,1.1675359,0.8742869,-0.018254456,-0.0085891072,0.41666667,2008,-0.38544868,2008,-0.38544868,,,,1,,,,,,0.005
long_value_drag0.005,academic long leg,"French portfolio, not ETF",base,"French market, not SPY",long_value,provider PIT convention; revised vintage,EXPLORATORY,False,rebound2009,2009-01-31,2009-12-31,12,0.18291759,0.38497145,0.62131992,0.91678209,-0.32427108,0.56408852,1.6883465,0.97210143,-0.10207495,-0.036147304,0.75,2009,0.18291759,2009,0.18291759,,,,1,,,,,,0.005
long_value_drag0.005,academic long leg,"French portfolio, not ETF",base,"French market, not SPY",long_value,provider PIT convention; revised vintage,EXPLORATORY,False,covid2020,2020-01-31,2020-12-31,12,-0.043300449,0.40575306,0.081427248,0.10964914,-0.38153197,-0.11349101,1.4087034,0.95708645,-0.28272172,-0.21382981,0.58333333,2020,-0.043300449,2020,-0.043300449,,,,1,,,,,,0.005
long_value_drag0.005,academic long leg,"French portfolio, not ETF",base,"French market, not SPY",long_value,provider PIT convention; revised vintage,EXPLORATORY,False,inflation2022,2022-01-31,2022-12-31,12,0.037858851,0.26853591,0.20946186,0.32200524,-0.1583335,0.23910828,0.96689544,0.83505511,0.23782762,0.26650325,0.58333333,2022,0.037858851,2022,0.037858851,,,,1,,,,,,0.005
long_value_drag0.005,academic long leg,"French portfolio, not ETF",base,"French market, not SPY",long_value,provider PIT convention; revised vintage,EXPLORATORY,False,2023_2025,2023-01-31,2025-12-31,36,0.21550798,0.17799715,0.92641662,1.6759785,-0.13765442,1.5655726,1.0377854,0.73577552,-0.013442157,-0.0036816035,0.63888889,2023,0.12988569,2025,0.32182022,,,,1,,,,,,0.005
joint_value_quality_drag0.005,academic long leg,"French portfolio, not ETF",base,"French market, not SPY",joint_value_quality,provider PIT convention; revised vintage,EXPLORATORY,False,full,1964-01-31,2026-07-31,751,0.14074861,0.20755128,0.5311248,0.82176281,-0.54915213,0.25630168,1.0750424,0.80110122,0.033823058,0.039969021,0.60852197,2015,-0.34490661,2009,0.69897095,,,,1,,,,,,0.005
joint_value_quality_drag0.005,academic long leg,"French portfolio, not ETF",base,"French market, not SPY",joint_value_quality,provider PIT convention; revised vintage,EXPLORATORY,False,pre2000,1964-01-31,1999-12-31,432,0.16388507,0.19271961,0.5647916,0.90411795,-0.54915213,0.29843291,1.0540832,0.83573648,0.039325607,0.041347765,0.61342593,1973,-0.33813252,1976,0.66389748,,,,1,,,,,,0.005
joint_value_quality_drag0.005,academic long leg,"French portfolio, not ETF",base,"French market, not SPY",joint_value_quality,provider PIT convention; revised vintage,EXPLORATORY,False,2000_2007,2000-01-31,2007-12-31,96,0.16207153,0.18090727,0.74825825,1.1678636,-0.29048305,0.55793798,0.83423584,0.66153859,0.14202839,0.1373288,0.65625,2002,-0.043989591,2003,0.48430777,,,,1,,,,,,0.005
joint_value_quality_drag0.005,academic long leg,"French portfolio, not ETF",base,"French market, not SPY",joint_value_quality,provider PIT convention; revised vintage,EXPLORATORY,False,2008_2009,2008-01-31,2009-12-31,24,0.06239971,0.36863275,0.32654551,0.47167715,-0.52176918,0.11959256,1.4276729,0.9256991,0.16065102,0.20363387,0.54166667,2008,-0.33566071,2009,0.69897095,,,,1,,,,,,0.005
joint_value_quality_drag0.005,academic long leg,"French portfolio, not ETF",base,"French market, not SPY",joint_value_quality,provider PIT convention; revised vintage,EXPLORATORY,False,2010_2019,2010-01-31,2019-12-31,120,0.054035988,0.20894792,0.33135269,0.49608363,-0.52336896,0.10324645,1.3160998,0.81573745,-0.080834896,-0.061132644,0.575,2015,-0.34490661,2013,0.38847171,,,,1,,,,,,0.005
joint_value_quality_drag0.005,academic long leg,"French portfolio, not ETF",base,"French market, not SPY",joint_value_quality,provider PIT convention; revised vintage,EXPLORATORY,False,2020_onward,2020-01-31,2026-07-31,79,0.1515242,0.24784789,0.58687983,0.90416989,-0.36361539,0.4167156,1.0452509,0.74209422,0.002516399,0.017970118,0.59493671,2022,-0.11453677,2021,0.41957209,,,,1,,,,,,0.005
joint_value_quality_drag0.005,academic long leg,"French portfolio, not ETF",base,"French market, not SPY",joint_value_quality,provider PIT convention; revised vintage,EXPLORATORY,False,dotcom,2000-01-31,2002-12-31,36,0.076100768,0.23706247,0.27216946,0.38940141,-0.29048305,0.26198006,0.77275983,0.63729755,0.22466406,0.24257031,0.66666667,2002,-0.043989591,2000,0.18928359,,,,1,,,,,,0.005
joint_value_quality_drag0.005,academic long leg,"French portfolio, not ETF",base,"French market, not SPY",joint_value_quality,provider PIT convention; revised vintage,EXPLORATORY,False,gfc,2008-01-31,2008-12-31,12,-0.33566071,0.33288475,-1.0833904,-1.1418732,-0.41262557,-0.81347532,1.3488087,0.88408583,0.031533509,0.081548733,0.41666667,2008,-0.33566071,2008,-0.33566071,,,,1,,,,,,0.005
joint_value_quality_drag0.005,academic long leg,"French portfolio, not ETF",base,"French market, not SPY",joint_value_quality,provider PIT convention; revised vintage,EXPLORATORY,False,rebound2009,2009-01-31,2009-12-31,12,0.69897095,0.3642013,1.6506035,3.3988148,-0.21180707,3.3000359,1.5450524,0.94034504,0.4139784,0.32571901,0.66666667,2009,0.69897095,2009,0.69897095,,,,1,,,,,,0.005
joint_value_quality_drag0.005,academic long leg,"French portfolio, not ETF",base,"French market, not SPY",joint_value_quality,provider PIT convention; revised vintage,EXPLORATORY,False,covid2020,2020-01-31,2020-12-31,12,0.0025217412,0.41132771,0.19639942,0.27757274,-0.36361539,0.0069351882,1.3655368,0.91508674,-0.23689953,-0.16594157,0.66666667,2020,0.0025217412,2020,0.0025217412,,,,1,,,,,,0.005
joint_value_quality_drag0.005,academic long leg,"French portfolio, not ETF",base,"French market, not SPY",joint_value_quality,provider PIT convention; revised vintage,EXPLORATORY,False,inflation2022,2022-01-31,2022-12-31,12,-0.11453677,0.31564407,-0.28275437,-0.39715516,-0.20121513,-0.56922544,1.2309581,0.90434322,0.085431999,0.1211055,0.41666667,2022,-0.11453677,2022,-0.11453677,,,,1,,,,,,0.005
joint_value_quality_drag0.005,academic long leg,"French portfolio, not ETF",base,"French market, not SPY",joint_value_quality,provider PIT convention; revised vintage,EXPLORATORY,False,2023_2025,2023-01-31,2025-12-31,36,0.20270854,0.18578229,0.83753566,1.5142295,-0.20715536,0.97853393,0.9557476,0.64998289,-0.026241596,-0.013038278,0.55555556,2023,0.13569435,2025,0.25302726,,,,1,,,,,,0.005
SPY_sma210_rf_5bps,ETF trend,actual ETF snapshot,5bps_rf,SPY,sma/210,next session close,EXPLORATORY,True,full,2001-01-03,2015-12-31,3772,0.087335916,0.11365201,0.66760999,0.93474189,-0.17308099,0.50459567,0.32511793,0.57013345,0.036278307,0.020565216,0.64444444,2015,-0.082941749,2013,0.32307759,0.73468833,0.36734417,0.00036555502,0.69538706,0.69538706,5,1,0,24.580952,
SPY_sma210_rf_5bps,ETF trend,actual ETF snapshot,5bps_rf,SPY,sma/210,next session close,EXPLORATORY,True,2000_2007,2001-01-03,2007-12-31,1757,0.08350224,0.10182313,0.56310026,0.79008133,-0.099245901,0.84136714,0.35630571,0.59707942,0.047833311,0.035797676,0.75,2002,-0.025849272,2003,0.22507222,0.43013553,0.21506776,0.00021595256,0.68184405,0.68184405,1,1,0,1.047619,
SPY_sma210_rf_5bps,ETF trend,actual ETF snapshot,5bps_rf,SPY,sma/210,next session close,EXPLORATORY,True,2008_2009,2008-01-02,2009-12-31,505,0.10895365,0.084326033,1.1562517,1.7532514,-0.056744723,1.9200667,0.05930801,0.24427134,0.21510689,0.159028,0.54166667,2008,0.0095510837,2009,0.21864362,0.99777042,0.49888521,0.00049670089,0.25346535,0.25346535,0,1,0,,
SPY_sma210_rf_5bps,ETF trend,actual ETF snapshot,5bps_rf,SPY,sma/210,next session close,EXPLORATORY,True,2010_2019,2010-01-04,2015-12-31,1510,0.084649055,0.13356122,0.67543126,0.93552346,-0.17308099,0.48907195,0.71347974,0.84412907,-0.044138053,-0.043465999,0.55555556,2015,-0.082941749,2013,0.32307759,1.0010743,0.50053715,0.00049576882,0.8589404,0.8589404,2,1,1,27.452381,
SPY_sma210_rf_5bps,ETF trend,actual ETF snapshot,5bps_rf,SPY,sma/210,next session close,EXPLORATORY,True,dotcom,2001-01-03,2002-12-31,499,0.0051174836,0.036481629,-0.69363168,-0.87554776,-0.067667986,0.075626363,0.022199624,0.14851622,0.16711997,0.15290211,0.95833333,2002,-0.025849272,2002,-0.025849272,1.0097677,0.50488383,0.00050799925,0.044088176,0.044088176,1,0,0,1.047619,
SPY_sma210_rf_5bps,ETF trend,actual ETF snapshot,5bps_rf,SPY,sma/210,next session close,EXPLORATORY,True,gfc,2008-01-02,2008-12-31,253,0.0095131534,0.0093320237,-0.99802176,-0.99802176,-0.0092502503,1.0284212,0.00040052181,0.01990253,0.37631593,0.38162042,0.66666667,2008,0.0095510837,2008,0.0095510837,0.99604743,0.49802371,0.0004936637,0,0,0,0,0,,
SPY_sma210_rf_5bps,ETF trend,actual ETF snapshot,5bps_rf,SPY,sma/210,next session close,EXPLORATORY,True,rebound2009,2009-01-02,2009-12-31,252,0.21864362,0.11880584,1.7242133,2.6191559,-0.056744723,3.8531094,0.19821038,0.44434124,-0.044873933,-0.064447733,0.41666667,2009,0.21864362,2009,0.21864362,0.99950025,0.49975012,0.00049975013,0.50793651,0.50793651,0,1,0,,
SPY_absolute252_rf_5bps,ETF trend,actual ETF snapshot,5bps_rf,SPY,absolute/252,next session close,EXPLORATORY,True,full,2001-01-03,2015-12-31,3772,0.080629351,0.12218302,0.57859104,0.81067882,-0.1860547,0.43336369,0.3757618,0.61297445,0.029571742,0.015381885,0.64444444,2015,-0.076443567,2013,0.32307759,0.46752287,0.23376143,0.00023479813,0.71765642,0.71765642,3,1,0,42.301587,
SPY_absolute252_rf_5bps,ETF trend,actual ETF snapshot,5bps_rf,SPY,absolute/252,next session close,EXPLORATORY,True,2000_2007,2001-01-03,2007-12-31,1757,0.072176146,0.098955926,0.47035784,0.65493947,-0.099245901,0.72724562,0.33631762,0.57997243,0.036507218,0.024998933,0.72619048,2002,-0.025849272,2006,0.15845238,0.43013553,0.21506776,0.00021595256,0.65793967,0.65793967,1,1,0,1.047619,
SPY_absolute252_rf_5bps,ETF trend,actual ETF snapshot,5bps_rf,SPY,absolute/252,next session close,EXPLORATORY,True,2008_2009,2008-01-02,2009-12-31,505,0.020510012,0.060223766,0.21046288,0.29379896,-0.10594353,0.19359381,0.030061312,0.1731492,0.12666325,0.074157058,0.41666667,2008,-0.029755351,2009,0.073465948,0.99777042,0.49888521,0.00050289924,0.12475248,0.12475248,0,1,1,,
SPY_absolute252_rf_5bps,ETF trend,actual ETF snapshot,5bps_rf,SPY,absolute/252,next session close,EXPLORATORY,True,2010_2019,2010-01-04,2015-12-31,1510,0.11162731,0.15713136,0.75231664,1.0573289,-0.1860547,0.5999704,0.98847999,0.99405997,-0.017159796,-0.015464881,0.625,2015,-0.076443567,2013,0.32307759,0.33369143,0.16684572,0.00016706344,0.98543046,0.98543046,0,1,1,,
SPY_absolute252_rf_5bps,ETF trend,actual ETF snapshot,5bps_rf,SPY,absolute/252,next session close,EXPLORATORY,True,dotcom,2001-01-03,2002-12-31,499,0.0051174836,0.036481629,-0.69363168,-0.87554776,-0.067667986,0.075626363,0.022199624,0.14851622,0.16711997,0.15290211,0.95833333,2002,-0.025849272,2002,-0.025849272,1.0097677,0.50488383,0.00050799925,0.044088176,0.044088176,1,0,0,1.047619,
SPY_absolute252_rf_5bps,ETF trend,actual ETF snapshot,5bps_rf,SPY,absolute/252,next session close,EXPLORATORY,True,gfc,2008-01-02,2008-12-31,253,-0.029639502,0.066664262,-0.70022408,-0.89417681,-0.10594353,-0.27976698,0.025747383,0.1597401,0.33716328,0.34424385,0.66666667,2008,-0.029755351,2008,-0.029755351,0.99604743,0.49802371,0.00050603591,0.083003953,0.083003953,0,0,1,,
SPY_absolute252_rf_5bps,ETF trend,actual ETF snapshot,5bps_rf,SPY,absolute/252,next session close,EXPLORATORY,True,rebound2009,2009-01-02,2009-12-31,252,0.073465948,0.052923071,1.3659986,2.2887982,-0.01715463,4.2825725,0.038629826,0.19440425,-0.19005161,-0.19700151,0.16666667,2009,0.073465948,2009,0.073465948,0.99950025,0.49975012,0.00049975013,0.16666667,0.16666667,0,1,0,,
stocks_mom252_n20_monthly_liq5e+07_15bps,stock momentum,survivor stock snapshot,15bps,SPY,"(252,);n=20;monthly;liq=50000000",next session close,EXPLORATORY,True,full,2004-01-05,2012-08-31,2183,0.084273581,0.2079604,0.40835332,0.57009223,-0.48037761,0.17543195,0.8914402,0.91708381,0.036076287,0.032654967,0.68269231,2008,-0.28554936,2007,0.22805591,5.50727,2.753635,0.008270695,0.99129638,19.825928,430,20,0,4.5468439,
stocks_mom252_n20_monthly_liq5e+07_15bps,stock momentum,survivor stock snapshot,15bps,SPY,"(252,);n=20;monthly;liq=50000000",next session close,EXPLORATORY,True,2000_2007,2004-01-05,2007-12-31,1005,0.18278286,0.15373091,0.95051734,1.3737392,-0.14056121,1.3003791,1.1356235,0.89162463,0.092011939,0.085547565,0.72916667,2005,0.15544653,2007,0.22805591,5.0961831,2.5480916,0.0076727282,0.98109453,19.62189,177,20,0,4.6833468,
stocks_mom252_n20_monthly_liq5e+07_15bps,stock momentum,survivor stock snapshot,15bps,SPY,"(252,);n=20;monthly;liq=50000000",next session close,EXPLORATORY,True,2008_2009,2008-01-02,2009-12-31,505,-0.10617554,0.29142762,-0.27185986,-0.37488384,-0.48037761,-0.22102517,0.78025934,0.93130491,-2.2302817e-05,-0.017757255,0.58333333,2008,-0.28554936,2009,0.11773486,6.2549248,3.1274624,0.0093539911,1,20,89,20,20,3.3274478,
stocks_mom252_n20_monthly_liq5e+07_15bps,stock momentum,survivor stock snapshot,15bps,SPY,"(252,);n=20;monthly;liq=50000000",next session close,EXPLORATORY,True,2010_2019,2010-01-04,2012-08-31,673,0.10074906,0.20321012,0.57429344,0.79489071,-0.19632561,0.51317329,1.0236435,0.95607838,-0.012349301,-0.0085023713,0.6875,2011,0.049991747,2010,0.1400568,5.5601326,2.7800663,0.0083507724,1,20,115,20,20,3.4604555,
stocks_mom252_n20_monthly_liq5e+07_15bps,stock momentum,survivor stock snapshot,15bps,SPY,"(252,);n=20;monthly;liq=50000000",next session close,EXPLORATORY,True,gfc,2008-01-02,2008-12-31,253,-0.28459922,0.35929293,-0.80498646,-1.1009456,-0.38449367,-0.7401922,0.82043079,0.94293757,0.082203561,0.1017271,0.41666667,2008,-0.28554936,2008,-0.28554936,5.1617985,2.5808993,0.0076702596,1,20,22,20,20,2.7445887,
stocks_mom252_n20_monthly_liq5e+07_15bps,stock momentum,survivor stock snapshot,15bps,SPY,"(252,);n=20;monthly;liq=50000000",next session close,EXPLORATORY,True,rebound2009,2009-01-02,2009-12-31,252,0.11773486,0.20151584,0.6529442,0.92502881,-0.26525773,0.44385081,0.68507205,0.90543045,-0.1457827,-0.13771575,0.75,2009,0.11773486,2009,0.11773486,7.3523889,3.6761945,0.011044404,1,20,41,20,20,2.3855981,
