,market,sma10,sma10_static,absolute12,absolute12_static
1964-01-31,0.02531451081,0.02531451081,0.01978545727,0.02531451081,0.02087049057
1964-02-29,0.01801511942,0.01801511942,0.01419558597,0.01801511942,0.01494513938
1964-03-31,0.01711519446,0.01711519446,0.01364253215,0.01711519446,0.01432401483
1964-04-30,0.003816303299,0.003816303299,0.003589263144,0.003816303299,0.003633817989
1964-05-31,0.01661523614,0.01661523614,0.01314256351,0.01661523614,0.01382404822
1964-06-30,0.01561531951,0.01561531951,0.01248951597,0.01561531951,0.01310293034
1964-07-31,0.02031492767,0.02031492767,0.01602466279,0.02031492767,0.01686659354
1964-08-31,-0.01168240444,-0.01168240444,-0.008096676214,-0.01168240444,-0.008800487289
1964-09-30,0.02961415231,0.02961415231,0.02297018485,0.02961415231,0.02427401124
1964-10-31,0.008815886441,0.008815886441,0.00735005763,0.008815886441,0.007637715011
1964-11-30,0.002716395007,0.002716395007,0.002761854144,0.002716395007,0.00275293137
1964-12-31,0.003416336647,0.003416336647,0.003337955263,0.003416336647,0.003353336993
1965-01-31,0.03811344365,0.03811344365,0.02936353548,0.03811344365,0.03108063618
1965-02-28,0.007316011498,0.007316011498,0.006246597123,0.007316011498,0.006456461288
1965-03-31,-0.009882554511,-0.009882554511,-0.006544381179,-0.009882554511,-0.007199601879
1965-04-30,0.03411377714,0.03411377714,0.02642923341,0.03411377714,0.02793726471
1965-05-31,-0.004782979706,-0.004782979706,-0.002831216588,-0.004782979706,-0.003214311014
1965-06-30,-0.05167906958,-0.05167906958,-0.03801717054,-0.05167906958,-0.04069874461
1965-07-31,0.01741516945,0.01690646186,0.01386817982,0.01741516945,0.01456424865
1965-08-31,0.03051407728,0.0033,0.02377101706,0.03051407728,0.02509428962
1965-09-30,0.03161398557,0.00259870065,0.02454883617,0.03161398557,0.0259353162
1965-10-31,0.02901420234,0.02901420234,0.02259322303,0.02901420234,0.02385328975
1965-11-30,0.003116361659,0.003116361659,0.003211347463,0.003116361659,0.003192703534
1965-12-31,0.01331551127,0.01331551127,0.01083388402,0.01331551127,0.01132088386
1966-01-31,0.01091571136,0.01091571136,0.009152591864,0.01091571136,0.009498590206
1966-02-28,-0.008682654557,-0.008682654557,-0.005666326121,-0.008682654557,-0.006258374715
1966-03-31,-0.02138159574,-0.02138159574,-0.01514683279,-0.02138159574,-0.0163705996
1966-04-30,0.02461456917,0.02461456917,0.0193580574,0.02461456917,0.02038960651
1966-05-31,-0.05267898621,-0.05267898621,-0.03862096053,-0.05267898621,-0.04138028681
1966-06-30,-0.01068248781,-0.01117714657,-0.007096738944,-0.01068248781,-0.00780055407
1966-07-31,-0.0128823044,0.0035,-0.008826176041,-0.0128823044,-0.009622317821
1966-08-31,-0.07537709367,0.0041,-0.055699197,-0.07537709367,-0.05956159836
1966-09-30,-0.0066828213,0.004,-0.004037839657,-0.007179479889,-0.004556999854
1966-10-31,0.04301303513,0.0045,0.03347033734,0.0045,0.03534301677
1966-11-30,0.01771514443,0.004,0.01431682804,0.004,0.01498372092
1966-12-31,0.005216186579,0.004,0.004914841828,0.004,0.004973978366
1967-01-31,0.08570947517,0.0043,0.06553796657,0.0043,0.06949646657
1967-02-28,0.01121568635,0.003098450775,0.009328683856,0.0036,0.009698993261
1967-03-31,0.04371297677,0.04371297677,0.03384818153,0.0039,0.03578407005
1967-04-30,0.04201311851,0.04201311851,0.03239606654,0.002698650675,0.03428333739
1967-05-31,-0.03998004503,-0.03998004503,-0.02926424989,-0.03998004503,-0.03136755912
1967-06-30,0.02681438575,0.02681438575,0.0208393621,0.02681438575,0.02201191353
1967-07-31,0.04891254324,0.04891254324,0.03758596293,0.04891254324,0.03980871528
1967-08-31,-0.00598287966,-0.00598287966,-0.003734030851,-0.00598287966,-0.004175437615
1967-09-30,0.03411377714,0.03411377714,0.02645401125,0.03411377714,0.02795718009
1967-10-31,-0.02698112886,-0.02698112886,-0.01933520681,-0.02698112886,-0.02083595764
1967-11-30,0.007216019835,0.007216019835,0.006320048267,0.007216019835,0.006495875644
1967-12-31,0.03371381049,0.03371381049,0.02617792553,0.03371381049,0.02765678371
1968-01-31,-0.03638034516,-0.03638034516,-0.02638249266,-0.03638034516,-0.02834488325
1968-02-29,-0.03358057861,-0.03358057861,-0.02430068525,-0.03358057861,-0.02612215395
1968-03-31,0.005816136556,0.005313228487,0.005316581488,0.005816136556,0.005414615243
1968-04-30,0.09440874984,0.0043,0.07208174898,0.09440874984,0.07646324739
1968-05-31,0.0272143524,0.003998001,0.02158622676,0.0272143524,0.02269070218
1968-06-30,0.01121568635,0.01121568635,0.009502128728,0.01121568635,0.009838400941
1968-07-31,-0.02218152904,-0.02218152904,-0.01550111691,-0.02218152904,-0.01681235628
1968-08-31,0.01761515277,0.01761515277,0.01429116783,0.01761515277,0.01494347375
1968-09-30,0.0447128934,0.0447128934,0.03469945179,0.0447128934,0.03666451099
1968-10-31,0.008615903115,0.008615903115,0.007571293434,0.008615903115,0.007776289872
1968-11-30,0.05841175121,0.05841175121,0.04497925084,0.05841175121,0.04761527345
1968-12-31,-0.03508045355,-0.03508045355,-0.02533016626,-0.03508045355,-0.02724396444
1969-01-31,-0.007282771277,-0.007282771277,-0.004167377122,-0.007282771277,-0.004778870455
1969-02-28,-0.05407886949,-0.05407886949,-0.03955044781,-0.05407886949,-0.04240210399
1969-03-31,0.03111402726,0.03059847024,0.0245444243,0.03111402726,0.02583365724
1969-04-30,0.01981496935,0.004797601199,0.01621847363,0.01981496935,0.01692425765
1969-05-31,0.003816303299,0.003816303299,0.004059858783,0.003816303299,0.004012053418
1969-06-30,-0.06687780233,-0.06687780233,-0.04905667058,-0.06687780233,-0.05255462388
1969-07-31,-0.06477797741,-0.06524558842,-0.04742722721,-0.06524558842,-0.05083285345
1969-08-31,0.05181230146,0.005,0.04021322483,0.005,0.04248945244
1969-09-30,-0.02358141232,0.0062,-0.01620777134,0.0062,-0.01765507852
1969-10-31,0.05651190962,0.006,0.04399615003,0.006,0.04645226947
1969-11-30,-0.03288063697,0.0052,-0.02345217393,0.0052,-0.02530280406
1969-12-31,-0.01998171246,0.0064,-0.01344981015,0.0064,-0.01473189983
1970-01-31,-0.07507711869,0.006,-0.05500306853,0.006,-0.05894322738
1970-02-28,0.05751182625,0.0062,0.04479786461,0.0062,0.04729287964
1970-03-31,-0.004982963032,0.0057,-0.002337946297,0.0057,-0.002857113382
1970-04-30,-0.1049746259,0.005,-0.07774578263,0.005,-0.08309029292
1970-05-31,-0.06377806078,0.0053,-0.04667488199,0.0053,-0.05003191462
1970-06-30,-0.05227901956,0.0058,-0.03789911595,0.0058,-0.04072162083
1970-07-31,0.0743104256,0.0052,0.05718635569,0.0052,0.0605468198
1970-08-31,0.05021243486,0.0053,0.03908410411,0.0053,0.04126795154
1970-09-30,0.04711269331,0.0054,0.03677718937,0.0054,0.03880545077
1970-10-31,-0.01818186253,0.004097951024,-0.01254125444,0.0046,-0.01364839982
1970-11-30,0.05071239317,0.05071239317,0.03928673869,0.0046,0.04152893356
1970-12-31,0.06151149276,0.06151149276,0.04731094342,0.0042,0.0500976896
1971-01-31,0.05201228479,0.05201228479,0.04006632254,0.0038,0.04241062373
1971-02-28,0.01731517778,0.01731517778,0.01384251961,0.0027986007,0.01452400148
1971-03-31,0.04411294343,0.04411294343,0.03392604454,0.04411294343,0.03592514337
1971-04-30,0.0342137688,0.0342137688,0.02643011578,0.0342137688,0.0279575965
1971-05-31,-0.0370802868,-0.0370802868,-0.02718148557,-0.0370802868,-0.02912443425
1971-06-30,0.002716395007,0.002716395007,0.002959927786,0.002716395007,0.002912126877
1971-07-31,-0.04097996166,-0.04097996166,-0.02984328067,-0.04097996166,-0.03202920188
1971-08-31,0.04251307682,0.04251307682,0.03314381357,0.04251307682,0.03498245783
1971-09-30,-0.004982963032,-0.004982963032,-0.002833130401,-0.004982963032,-0.00325510215
1971-10-31,-0.040579995,-0.040579995,-0.0296166202,-0.040579995,-0.03176852467
1971-11-30,-0.0009832965178,-0.00148280487,0.0001762504753,-0.0009832965178,-5.134681125e-05
1971-12-31,0.09070905831,0.0037,0.06915009403,0.09070905831,0.07338087129
1972-01-31,0.02751432739,0.0023988006,0.02141542901,0.02751432739,0.02261228987
1972-02-29,0.03111402726,0.03111402726,0.02402408968,0.03111402726,0.0254154342
1972-03-31,0.008815886441,0.008815886441,0.007300501952,0.008815886441,0.007597884246
1972-04-30,0.005716144893,0.005716144893,0.005018365048,0.005716144893,0.005155298858
1972-05-31,0.01581530284,0.01581530284,0.01263994775,0.01581530284,0.01326308623
1972-06-30,-0.0214815874,-0.0214815874,-0.01544490016,-0.0214815874,-0.01662978843
1972-07-31,-0.004982963032,-0.004982963032,-0.002981685632,-0.004982963032,-0.003374498781
1972-08-31,0.03551366042,0.03551366042,0.02743270019,0.03551366042,0.02901852511
1972-09-30,-0.00808270458,-0.00808270458,-0.005239678195,-0.00808270458,-0.005797710853
1972-10-31,0.00911586143,0.00911586143,0.007848261527,0.00911586143,0.008097018043
1972-11-30,0.04961248488,0.04961248488,0.03823636335,0.04961248488,0.04046883777
1972-12-31,0.009815803069,0.009815803069,0.008300439238,0.009815803069,0.008597817478
1973-01-31,-0.02838101214,-0.02838101214,-0.02026469409,-0.02838101214,-0.02185777481
1973-02-28,-0.04437967819,-0.04437967819,-0.032351736,-0.04437967819,-0.03471259505
1973-03-31,-0.008482671231,-0.008978429896,-0.005243505821,-0.008482671231,-0.005879293126
1973-04-30,-0.05167906958,0.0052,-0.03759626405,-0.05167906958,-0.04036045416
1973-05-31,-0.02468132061,0.0051,-0.01730770234,-0.02516897995,-0.01875500506
1973-06-30,-0.01068248781,0.0051,-0.006774869277,0.0051,-0.00754186137
1973-07-31,0.05671189294,0.0064,0.04424569317,0.0064,0.04669208688
1973-08-31,-0.03128077036,0.007,-0.02180275589,0.007,-0.02366311204
1973-09-30,0.05411210971,0.0068,0.04238919139,0.0068,0.04468972196
1973-10-31,-0.001883221483,0.005997001499,0.0001923975227,0.0065,-0.0002150074868
1973-11-30,-0.1222731835,-0.1222731835,-0.09061279969,0.0056,-0.09682713813
1973-12-31,0.01221560298,0.01170949518,0.01077462224,0.0064,0.01105740338
1974-01-31,0.004616236602,0.0063,0.005033123036,0.0063,0.004951296062
1974-02-28,0.001116528402,0.0058,0.002276118744,0.0058,0.002048512948
1974-03-31,-0.02268148736,0.0056,-0.01567921588,0.0056,-0.01705363019
1974-04-30,-0.04537959482,0.0075,-0.03228702745,0.0075,-0.03485685241
1974-05-31,-0.03958007838,0.0075,-0.02792342518,0.0075,-0.03021140717
1974-06-30,-0.02248150403,0.006,-0.01542971001,0.006,-0.01681384467
1974-07-31,-0.07367723541,0.007,-0.05370219317,0.007,-0.05762291863
1974-08-31,-0.08797604319,0.006,-0.06470832186,0.006,-0.06927533835
1974-09-30,-0.1098742174,0.0081,-0.08066473884,0.0081,-0.08639801062
1974-10-31,0.1661027721,0.0051,0.1262097646,0.0051,0.1340384537
1974-11-30,-0.03998004503,0.0054,-0.02874430658,0.0054,-0.03094967091
1974-12-31,-0.02748108717,0.007,-0.01894384406,0.007,-0.02061954446
1975-01-31,0.142404748,0.0058,0.1085570436,0.0058,0.1151993895
1975-02-28,0.05981163449,0.00379810095,0.04605705113,0.0043,0.04875628
1975-03-31,0.03061406894,0.03061406894,0.02404445566,0.0041,0.02533369062
1975-04-30,0.04651274333,0.04651274333,0.03607811564,0.0044,0.0381258293
1975-05-31,0.05631192629,0.05631192629,0.04344927283,0.003898050975,0.04597346746
1975-06-30,0.05271222643,0.05271222643,0.04066716729,0.05271222643,0.04303091546
1975-07-31,-0.06127826921,-0.06127826921,-0.04491781497,-0.06127826921,-0.04812906472
1975-08-31,-0.02368140398,-0.02368140398,-0.01662963474,-0.02368140398,-0.01801376454
1975-09-30,-0.03738026179,-0.03738026179,-0.02681296821,-0.03738026179,-0.02888712938
1975-10-31,0.0587117262,0.0587117262,0.04555178825,0.0587117262,0.04813432263
1975-11-30,0.03051407728,0.03051407728,0.02396923977,0.03051407728,0.02525361268
1975-12-31,-0.01128243779,-0.01128243779,-0.007300554023,-0.01128243779,-0.008082122986
1976-01-31,0.126106107,0.126106107,0.09602429738,0.126106107,0.101927616
1976-02-29,0.006416086533,0.006416086533,0.005668765471,0.006416086533,0.005815421355
1976-03-31,0.02711436074,0.02711436074,0.02138712168,0.02711436074,0.02251104732
1976-04-30,-0.01078247948,-0.01078247948,-0.007072936645,-0.01078247948,-0.007801050199
1976-05-31,-0.009782562848,-0.009782562848,-0.006444387452,-0.009782562848,-0.007099608557
1976-06-30,0.04481288507,0.04481288507,0.03477466768,0.04481288507,0.03674458893
1976-07-31,-0.00598287966,-0.00598287966,-0.003337883568,-0.00598287966,-0.003857046601
1976-08-31,-0.001583246495,-0.001583246495,-0.0001513606303,-0.001583246495,-0.00043241292
1976-09-30,0.02491454416,0.02491454416,0.01983148346,0.02491454416,0.02082899416
1976-10-31,-0.02018169578,-0.02018169578,-0.01416974091,-0.02018169578,-0.01534977468
1976-11-30,0.007515994824,0.007515994824,0.006644807291,0.007515994824,0.006815770996
1976-12-31,0.06041158447,0.06041158447,0.04643401296,0.06041158447,0.04917700149
1977-01-31,-0.03678031182,-0.03678031182,-0.02678246757,-0.03678031182,-0.02874485653
1977-02-28,-0.01598204594,-0.01598204594,-0.01115844622,-0.01598204594,-0.01210522821
1977-03-31,-0.009782562848,-0.009782562848,-0.006419628247,-0.009782562848,-0.007079709118
1977-04-30,0.005216186579,0.004713578485,0.00486528615,0.005216186579,0.004934147601
1977-05-31,-0.01108245447,0.0037,-0.007422436236,-0.01108245447,-0.008140829042
1977-06-30,0.05111235982,0.004,0.03943893521,0.05111235982,0.04172975303
1977-07-31,-0.01278231273,0.003698150925,-0.008577627083,-0.01278231273,-0.009402927869
1977-08-31,-0.01328227105,-0.01328227105,-0.008904281282,-0.01328227105,-0.009763598409
1977-09-30,0.001516495053,0.001015736806,0.002205668754,0.001516495053,0.002070396906
1977-10-31,-0.03908012006,0.0049,-0.02819099191,-0.03908012006,-0.03032832315
1977-11-30,0.04491287673,0.005,0.03502332844,0.04439042029,0.03696407455
1977-12-31,0.007515994824,0.004397801099,0.006867807841,0.004397801099,0.006995009441
1978-01-31,-0.05517877778,-0.05517877778,-0.04030374993,-0.05565118839,-0.04322343839
1978-02-28,-0.009382596197,-0.009877904899,-0.005920616518,0.0046,-0.006600138077
1978-03-31,0.03371381049,0.0053,0.0266734823,0.0053,0.02805509137
1978-04-30,0.0840096169,0.0054,0.06453185268,0.0054,0.06835421079
1978-05-31,0.02261473591,0.004597701149,0.01827496287,0.004597701149,0.01912660921
1978-06-30,-0.01158241278,-0.01158241278,-0.007377702358,-0.01158241278,-0.008203008006
1978-07-31,0.05671189294,0.05671189294,0.04404747046,0.05671189294,0.04653276382
1978-08-31,0.04331301012,0.04331301012,0.03396854124,0.04331301012,0.0358023198
1978-09-30,-0.008282687905,-0.008282687905,-0.004696889494,-0.008282687905,-0.005400714344
1978-10-31,-0.1122740173,-0.1122740173,-0.08279223704,-0.1122740173,-0.08857895653
1978-11-30,0.03401378548,0.03349677859,0.02732035324,0.03401378548,0.0286338867
1978-12-31,0.01641525282,0.007296351824,0.01428057935,0.01641525282,0.01469949224
1979-01-31,0.04981246821,0.04981246821,0.03937790868,0.04981246821,0.04142560897
1979-02-28,-0.02838101214,-0.02838101214,-0.01954667714,-0.02838101214,-0.0212806911
1979-03-31,0.06471122597,0.06471122597,0.05068418761,0.06471122597,0.05343688362
1979-04-30,0.007216019835,0.007216019835,0.007410127093,0.007216019835,0.007372027486
1979-05-31,-0.01388222102,-0.01388222102,-0.008414838617,-0.01388222102,-0.00948798305
1979-06-30,0.04641275167,0.04641275167,0.03691967979,0.04641275167,0.03878262052
1979-07-31,0.0159152945,0.0159152945,0.01387972207,0.0159152945,0.01427918716
1979-08-31,0.0630113677,0.0630113677,0.04930640613,0.0630113677,0.0519958971
1979-09-30,-8.33715522e-05,-8.33715522e-05,0.00199228461,-8.33715522e-05,0.001584872307
1979-10-31,-0.07237734379,-0.07237734379,-0.0523032379,-0.07237734379,-0.05624340769
1979-11-30,0.06201145107,0.06201145107,0.04909935969,0.06201145107,0.05163325612
1979-12-31,0.0272143524,0.0272143524,0.02282511871,0.0272143524,0.02368647132
1980-01-31,0.06291137604,0.06291137604,0.04930552375,0.06291137604,0.05197556531
1980-02-29,-0.003483088089,-0.003483088089,-0.0004171339038,-0.003483088089,-0.0010189231
1980-03-31,-0.1169736254,-0.1169736254,-0.08501602169,-0.1169736254,-0.09128869881
1980-04-30,0.05201228479,0.05148627865,0.04224677236,0.05201228479,0.04416317741
1980-05-31,0.06061156779,0.007596201899,0.04760033613,0.06061156779,0.05015368806
1980-06-30,0.03581363541,0.03581363541,0.0284512387,0.03581363541,0.02989605118
1980-07-31,0.07031075909,0.07031075909,0.05420249794,0.07031075909,0.05736361757
1980-08-31,0.02381463587,0.02381463587,0.01949966545,0.02381463587,0.02034644447
1980-09-30,0.02931417732,0.02931417732,0.02390909561,0.02931417732,0.02496980041
1980-10-31,0.01981496935,0.01981496935,0.01725914287,0.01981496935,0.01776070372
1980-11-30,0.1055078244,0.1055078244,0.0817439382,0.1055078244,0.08640741406
1980-12-31,-0.03158074535,-0.03158074535,-0.02051814794,-0.03158074535,-0.02268952794
1981-01-31,-0.04028002002,-0.04028002002,-0.02773204988,-0.04028002002,-0.03019498064
1981-02-28,0.01671522781,0.01671522781,0.01522478435,0.01671522781,0.01551727216
1981-03-31,0.04871255992,0.04871255992,0.03964075881,0.04871255992,0.04142102846
1981-04-30,-0.01088247114,-0.01088247114,-0.005514063626,-0.01088247114,-0.006567781147
1981-05-31,0.01271556129,0.01271556129,0.01241437147,0.01271556129,0.01247347761
1981-06-30,-0.009982546174,-0.009982546174,-0.00416845439,-0.009982546174,-0.005309651359
1981-07-31,-0.0031831131,-0.0031831131,0.0006751418425,-0.0031831131,-8.216110516e-05
1981-08-31,-0.05747858603,-0.05747858603,-0.04007816673,-0.05747858603,-0.04349354208
1981-09-30,-0.05957841094,-0.06004862174,-0.04175712851,-0.05957841094,-0.04525511138
1981-10-31,0.06121151777,0.0121,0.04904274502,0.06068091201,0.05143077102
1981-11-30,0.04461290174,0.0107,0.03621001758,0.01019490255,0.03785901755
1981-12-31,-0.0276810705,0.008195902049,-0.01867340661,-0.02816722996,-0.02044144178
1982-01-31,-0.02438134562,-0.02486915495,-0.01636398183,0.008,-0.01793763969
1982-02-28,-0.049479253,0.0092,-0.03495073636,0.0092,-0.03780241118
1982-03-31,-0.008482671231,0.0098,-0.003956027152,0.0098,-0.004844522328
1982-04-30,0.04361298511,0.0113,0.03560652572,0.0113,0.03717773044
1982-05-31,-0.02878097879,0.0106,-0.01903056146,0.0106,-0.02094438517
1982-06-30,-0.02128160408,0.0096,-0.01363556437,0.0096,-0.01513633829
1982-07-31,-0.02158157906,0.0105,-0.01363843508,0.0105,-0.01519752499
1982-08-31,0.1198066322,0.0076,0.09200425365,0.0076,0.09746025189
1982-09-30,0.01811511109,0.004597701149,0.01489024783,0.004597701149,0.01552310189
1982-10-31,0.1188067156,0.1188067156,0.09083087149,0.1188067156,0.09632091098
1982-11-30,0.05301220142,0.05301220142,0.04143792741,0.05301220142,0.0437092877
1982-12-31,0.01221560298,0.01221560298,0.01084895576,0.01221560298,0.01111714953
1983-01-31,0.04271306015,0.04271306015,0.0338393578,0.04271306015,0.03558075213
1983-02-28,0.03201395222,0.03201395222,0.02561781273,0.03201395222,0.02687300483
1983-03-31,0.03431376047,0.03431376047,0.02737255603,0.03431376047,0.02873471284
1983-04-30,0.07361048396,0.07361048396,0.05713062341,0.07361048396,0.06036466649
1983-05-31,0.01191562799,0.01191562799,0.01067286377,0.01191562799,0.01091674648
1983-06-30,0.03731351035,0.03731351035,0.02972814408,0.03731351035,0.03121671258
1983-07-31,-0.03328060362,-0.03328060362,-0.02320840951,-0.03328060362,-0.02518539195
1983-08-31,0.002516411682,0.002516411682,0.003775067743,0.002516411682,0.003528017209
1983-09-30,0.01671522781,0.01671522781,0.01445667135,0.01671522781,0.0148998953
1983-10-31,-0.02678114553,-0.02678114553,-0.01826864717,-0.02678114553,-0.01993949065
1983-11-30,0.02861423568,0.02861423568,0.02325869519,0.02861423568,0.02430967791
1983-12-31,-0.01048250449,-0.01048250449,-0.006079697719,-0.01048250449,-0.006943885958
1984-01-31,-0.01168240444,-0.01168240444,-0.006908234367,-0.01168240444,-0.007845314244
1984-02-29,-0.04067998667,-0.04115964667,-0.02885004174,-0.04067998667,-0.03117203764
1984-03-31,0.01371547792,0.0073,0.01212586114,0.01371547792,0.01243781094
1984-04-30,0.002916378333,0.0081,0.004199801856,0.002916378333,0.003947889935
1984-05-31,-0.05207903623,0.0078,-0.0372534628,-0.05255299671,-0.04016344429
1984-06-30,0.02551449414,0.0075,0.0210508918,0.0075,0.02192683867
1984-07-31,-0.01908178749,0.0082,-0.01232703376,0.0082,-0.01365286499
1984-08-31,0.1109073742,0.0083,0.08548348434,0.0083,0.09047272287
1984-09-30,0.0005165784249,0.008095952024,0.002517969357,0.008095952024,0.002125133923
1984-10-31,0.001516495053,0.001516495053,0.003616943448,0.001516495053,0.003204664896
1984-11-30,-0.01048250449,-0.01048250449,-0.006079697719,-0.01048250449,-0.006943885958
1984-12-31,0.02471456083,0.02471456083,0.02017660846,0.02471456083,0.02106714594
1985-01-31,0.08610944182,0.08610944182,0.06638394259,0.08610944182,0.07025491675
1985-02-28,0.01791512776,0.01791512776,0.01491326092,0.01791512776,0.01550235369
1985-03-31,-0.002183196472,-0.002183196472,-0.0001075836585,-0.002183196472,-0.0005149874524
1985-04-30,-0.00248317146,-0.00248317146,-8.569517257e-05,-0.00248317146,-0.0005562747187
1985-05-31,0.05721185126,0.05721185126,0.0446713283,0.05721185126,0.04713230735
1985-06-30,0.01811511109,0.01811511109,0.01498935919,0.01811511109,0.01560276342
1985-07-31,-0.001083288181,-0.001083288181,0.0007199960824,-0.001083288181,0.0003660452658
1985-08-31,-0.004682988043,-0.004682988043,-0.002161761142,-0.004682988043,-0.002656630608
1985-09-30,-0.03918011172,-0.03918011172,-0.02799387517,-0.03918011172,-0.03018952321
1985-10-31,0.04641275167,0.04641275167,0.03652323437,0.04641275167,0.0384639744
1985-11-30,0.07061073408,0.07061073408,0.05462636832,0.07061073408,0.05776317445
1985-12-31,0.04521285172,0.04521285172,0.03562064369,0.04521285172,0.03750303911
1986-01-31,0.01201561965,0.01201561965,0.01042596775,0.01201561965,0.01073792444
1986-02-28,0.07661023385,0.07661023385,0.058941099,0.07661023385,0.06240852782
1986-03-31,0.05501203468,0.05501203468,0.04286791169,0.05501203468,0.04525110036
1986-04-30,-0.007682737928,-0.007682737928,-0.004493074414,-0.007682737928,-0.005119145428
1986-05-31,0.05101236816,0.05101236816,0.03958671987,0.05101236816,0.04182891353
1986-06-30,0.01571531118,0.01571531118,0.01310984432,0.01571531118,0.01362114671
1986-07-31,-0.05917844429,-0.05917844429,-0.04323885319,-0.05917844429,-0.04636749542
1986-08-31,0.06521118429,0.06521118429,0.0501930427,0.06521118429,0.05314023493
1986-09-30,-0.08147658511,-0.08147658511,-0.06018946601,-0.08147658511,-0.0643677275
1986-10-31,0.0509123765,0.05038692031,0.03943717047,0.0509123765,0.04168908944
1986-11-30,0.01551532785,0.00339830085,0.01263730063,0.01551532785,0.01320209085
1986-12-31,-0.02778106216,-0.02778106216,-0.01968949093,-0.02778106216,-0.02127771432
1987-01-31,0.1286058985,0.1280415956,0.09778080543,0.1286058985,0.1038299876
1987-02-28,0.04801261828,0.00379810095,0.03718157615,0.04801261828,0.03930708302
1987-03-31,0.02091487765,0.02091487765,0.01689718139,0.02091487765,0.01768562269
1987-04-30,-0.01658199592,-0.01658199592,-0.0113870205,-0.01658199592,-0.01240669656
1987-05-31,0.004816219927,0.004816219927,0.004564422591,0.004816219927,0.004613835839
1987-06-30,0.04381296844,0.04381296844,0.03414639797,0.04381296844,0.03604338644
1987-07-31,0.04291304347,0.04291304347,0.03341989929,0.04291304347,0.03528285421
1987-08-31,0.03981330192,0.03981330192,0.03111298454,0.03981330192,0.03282035344
1987-09-30,-0.02138159574,-0.02138159574,-0.01497351835,-0.02138159574,-0.01623130353
1987-10-31,-0.2259645379,-0.2259645379,-0.1685319621,-0.2259645379,-0.1798048975
1987-11-30,-0.07417719372,-0.07464010512,-0.05494493796,-0.07417719372,-0.05871986839
1987-12-31,0.07201061736,0.0039,0.05513427833,0.07147461205,0.0584461272
1988-01-31,0.04491287673,0.0029,0.03450299382,0.0023988006,0.03654585151
1988-02-29,0.05221226812,0.0046,0.04041497703,0.05168616198,0.04273010267
1988-03-31,-0.01828185419,0.0044,-0.01266600738,0.0044,-0.01376829258
1988-04-30,0.01021576972,0.0046,0.008824303347,0.0046,0.009097367685
1988-05-31,0.002316428356,0.0051,0.00300561857,0.0051,0.002870343481
1988-06-30,0.05261223477,0.0049,0.04079017411,0.0049,0.04311016058
1988-07-31,-0.007482754603,0.004597701149,-0.004367364576,0.0051,-0.004978857099
1988-08-31,-0.02728110385,-0.02728110385,-0.01906572627,0.0059,-0.02067825052
1988-09-30,0.03921335195,0.03921335195,0.03103335679,0.0062,0.03263861654
1988-10-31,0.01761515277,0.01761515277,0.01476194677,0.0061,0.01532186602
1988-11-30,-0.01708195424,-0.01708195424,-0.01144132345,0.005197401299,-0.01254847328
1988-12-31,0.02101486931,0.02101486931,0.0173688427,0.02101486931,0.01808434676
1989-01-31,0.06611110925,0.06611110925,0.05109298625,0.06611110925,0.05404017484
1989-02-28,-0.01628202093,-0.01628202093,-0.01074041045,-0.01628202093,-0.01182812446
1989-03-31,0.02231476093,0.02231476093,0.01844576062,0.02231476093,0.01920502152
1989-04-30,0.0501124432,0.0501124432,0.03935577796,0.0501124432,0.04146668896
1989-05-31,0.04061323523,0.04061323523,0.03250760251,0.04061323523,0.03409826921
1989-06-30,-0.006282854649,-0.006282854649,-0.00296936621,-0.006282854649,-0.003619741729
1989-07-31,0.07871005877,0.07871005877,0.06094185594,0.07871005877,0.06442872607
1989-08-31,0.02161481929,0.02161481929,0.01809269426,0.02161481929,0.01878388361
1989-09-30,-0.001183279843,-0.001183279843,0.000719039176,-0.001183279843,0.0003456496976
1989-10-31,-0.02978089542,-0.02978089542,-0.02072375647,-0.02978089542,-0.02250150266
1989-11-30,0.01721518612,0.01721518612,0.01465930592,0.01721518612,0.01516087732
1989-12-31,0.0178151361,0.0178151361,0.01491237855,0.0178151361,0.0154820219
1990-01-31,-0.07237734379,-0.07237734379,-0.05304601406,-0.07237734379,-0.05684039084
1990-02-28,0.01681521947,0.01630681186,0.0140611083,0.01681521947,0.01460158096
1990-03-31,0.02461456917,0.0064,0.02010139257,0.02461456917,0.020987068
1990-04-30,-0.02678114553,0.006396801599,-0.01844196161,-0.02678114553,-0.02007878672
1990-05-31,0.0910090333,0.09046352878,0.0701438547,0.0910090333,0.07423848198
1990-06-30,-0.004682988043,0.005797101449,-0.001963687501,-0.004682988043,-0.002497435101
1990-07-31,-0.01228235442,-0.01228235442,-0.007557715139,-0.01228235442,-0.008485073053
1990-08-31,-0.0946754846,-0.0946754846,-0.06960047959,-0.0946754846,-0.07452223191
1990-09-30,-0.05517877778,-0.05565118839,-0.04003139867,-0.05565118839,-0.04300454457
1990-10-31,-0.01248233774,0.0068,-0.007708184183,0.0068,-0.00864526082
1990-11-30,0.06911085914,0.0057,0.05339901862,0.0057,0.05648234381
1990-12-31,0.03051407728,0.006,0.02444001871,0.006,0.02563200495
1991-01-31,0.05201228479,0.0052,0.04041321229,0.0052,0.04268943909
1991-02-28,0.07661023385,0.004297851074,0.0588172098,0.004297851074,0.0623089509
1991-03-31,0.03091404393,0.03091404393,0.02434443684,0.03091404393,0.02563367059
1991-04-30,0.002416420019,0.002416420019,0.003130371502,0.002416420019,0.002990236242
1991-05-31,0.0412131852,0.0412131852,0.032166007,0.0412131852,0.0339414446
1991-06-30,-0.04527960316,-0.04527960316,-0.0330288467,-0.04527960316,-0.03543344
1991-07-31,0.04721268497,0.04721268497,0.03672851606,0.04721268497,0.0387859518
1991-08-31,0.02771431072,0.02771431072,0.02198708405,0.02771431072,0.02311100726
1991-09-30,-0.01138242945,-0.01138242945,-0.007425306956,-0.01138242945,-0.008202015747
1991-10-31,0.01701520279,0.01701520279,0.01383987249,0.01701520279,0.0144630061
1991-11-30,-0.0381801951,-0.0381801951,-0.02776147326,-0.0381801951,-0.02980647259
1991-12-31,0.1122072658,0.1122072658,0.08534628816,0.1122072658,0.09061754387
1992-01-31,-0.002583163123,-0.002583163123,-0.001101779491,-0.002583163123,-0.001392547262
1992-02-29,0.01351549459,0.01351549459,0.01086042661,0.01351549459,0.01138146283
1992-03-31,-0.02318144567,-0.02318144567,-0.016600091,-0.02318144567,-0.01789188726
1992-04-30,0.01401545291,0.01401545291,0.01133561741,0.01401545291,0.01186151406
1992-05-31,0.005716144893,0.005716144893,0.00499358721,0.005716144893,0.005135383475
1992-06-30,-0.02018169578,-0.02018169578,-0.01439257375,-0.02018169578,-0.01552886963
1992-07-31,0.04081321855,0.04081321855,0.03146869802,0.04081321855,0.03330248672
1992-08-31,-0.02128160408,-0.02128160408,-0.01536870873,-0.02128160408,-0.01652929898
1992-09-30,0.01441541956,0.01441541956,0.01148781394,0.01441541956,0.01206233353
1992-10-31,0.0124155863,0.0124155863,0.009909162627,0.0124155863,0.01040102857
1992-11-30,0.04361298511,0.04361298511,0.03337652022,0.04361298511,0.03538534599
1992-12-31,0.01801511942,0.01801511942,0.01424514165,0.01801511942,0.01498497015
1993-01-31,0.01151566134,0.01151566134,0.009232219619,0.01151566134,0.009680327107
1993-02-28,0.003316344985,0.003316344985,0.003039738823,0.003316344985,0.003094020608
1993-03-31,0.0256144858,0.0256144858,0.01988721575,0.0256144858,0.02101114747
1993-04-30,-0.02818102881,-0.02818102881,-0.02060940915,-0.02818102881,-0.02209557582
1993-05-31,0.03101403559,0.03101403559,0.02387454028,0.03101403559,0.02527561011
1993-06-30,0.005416169904,0.005416169904,0.004693606024,0.005416169904,0.004835403505
1993-07-31,-0.001083288181,-0.001083288181,-0.0002208537137,-0.001083288181,-0.0003901333942
1993-08-31,0.0396133186,0.0396133186,0.03041744031,0.0396133186,0.03222205914
1993-09-30,0.001316511728,0.001316511728,0.001634293222,0.001316511728,0.001571918686
1993-10-31,0.01631526115,0.01631526115,0.01281780449,0.01631526115,0.01350415286
1993-11-30,-0.01628202093,-0.01628202093,-0.01163174184,-0.01628202093,-0.01254450424
1993-12-31,0.01871506106,0.01871506106,0.01464776368,0.01871506106,0.01544593882
1994-01-31,0.03111402726,0.03111402726,0.02402408968,0.03111402726,0.0254154342
1994-02-28,-0.02348142066,-0.02348142066,-0.01714766423,-0.02348142066,-0.01839086161
1994-03-31,-0.04527960316,-0.04527960316,-0.03340023478,-0.04527960316,-0.03573193157
1994-04-30,0.009415836418,0.0089111285,0.007751797291,0.009415836418,0.008078351888
1994-05-31,0.008915878104,0.0032,0.007499607036,0.008915878104,0.0077775391
1994-06-30,-0.02738109551,0.0031,-0.01983421854,-0.02738109551,-0.02131552868
1994-07-31,0.03091404393,0.0028,0.02394799142,0.03091404393,0.02531502447
1994-08-31,0.04381296844,0.0037,0.03387384174,0.04381296844,0.03582431723
1994-09-30,-0.01918177916,0.0031984008,-0.01351643251,-0.01918177916,-0.0146284336
1994-10-31,0.01721518612,0.01721518612,0.01389119292,0.01721518612,0.01454350045
1994-11-30,-0.03668032015,-0.03668032015,-0.02668247384,-0.03668032015,-0.02864486321
1994-12-31,0.01291554462,0.01240908685,0.01080557669,0.01291554462,0.01121964131
1995-01-31,0.0221147776,0.003698150925,0.01767588287,0.02160372021,0.01854698107
1995-02-28,0.04021326857,0.04021326857,0.03124040323,0.004,0.03300125752
1995-03-31,0.0264144191,0.0264144191,0.02100927748,0.004097951024,0.02206999404
1995-04-30,0.02541450247,0.02541450247,0.02020756291,0.02541450247,0.02122938387
1995-05-31,0.03431376047,0.03431376047,0.02714955548,0.03431376047,0.02855547439
1995-06-30,0.0318139689,0.0318139689,0.02509571337,0.0318139689,0.0264141182
1995-07-31,0.04151316019,0.04151316019,0.03234209899,0.04151316019,0.03414184766
1995-08-31,0.01011577806,0.01011577806,0.008773865296,0.01011577806,0.009037205127
1995-09-30,0.03781346867,0.03781346867,0.02950955539,0.03781346867,0.0311391331
1995-10-31,-0.01048250449,-0.01048250449,-0.006723437053,-0.01048250449,-0.007461271357
1995-11-30,0.04371297677,0.04371297677,0.03392251505,0.04371297677,0.0358438162
1995-12-31,0.01521535286,0.01521535286,0.01265943135,0.01521535286,0.01316101086
1996-01-31,0.02681438575,0.02681438575,0.02123580752,0.02681438575,0.02233055965
1996-02-29,0.01711519446,0.01711519446,0.01384075487,0.01711519446,0.0144833379
1996-03-31,0.01121568635,0.01121568635,0.009403017372,0.01121568635,0.00975873941
1996-04-30,0.02511452748,0.02511452748,0.02003147092,0.02511452748,0.02102898081
1996-05-31,0.02771431072,0.02771431072,0.02188797269,0.02771431072,0.02303134573
1996-06-30,-0.00738276294,-0.00738276294,-0.004564481311,-0.00738276294,-0.005117657038
1996-07-31,-0.05517877778,-0.05517877778,-0.04040278675,-0.05517877778,-0.04330303615
1996-08-31,0.03171397723,0.03171397723,0.02487183044,0.03171397723,0.02621454797
1996-09-30,0.0544120847,0.0544120847,0.04202017093,0.0544120847,0.04445198659
1996-10-31,0.01281555295,0.01281555295,0.01068080512,0.01281555295,0.01109973261
1996-11-30,0.0665110759,0.0665110759,0.05104696007,0.0665110759,0.05408167124
1996-12-31,-0.01248233774,-0.01248233774,-0.008252886697,-0.01248233774,-0.009083048465
1997-01-31,0.05401211805,0.05401211805,0.04174408521,0.05401211805,0.04415159022
1997-02-28,-0.0009832965178,-0.0009832965178,0.0002257688856,-0.0009832965178,-1.154793441e-05
1997-03-31,-0.0459795448,-0.0459795448,-0.03353072915,-0.0459795448,-0.03597419774
1997-04-30,0.04461290174,0.04461290174,0.0346242359,0.04461290174,0.03658443305
1997-05-31,0.07211060902,0.07211060902,0.0554572726,0.07211060902,0.05872535897
1997-06-30,0.04461290174,0.04461290174,0.03447556886,0.04461290174,0.03646494075
1997-07-31,0.07731017549,0.07731017549,0.05921983184,0.07731017549,0.06276991957
1997-08-31,-0.03698029514,-0.03698029514,-0.02680914059,-0.03698029514,-0.02880554711
1997-09-30,0.05771180957,0.05771180957,0.04450229529,0.05771180957,0.04709455863
1997-10-31,-0.03388055359,-0.03388055359,-0.0244521112,-0.03388055359,-0.02630273728
1997-11-30,0.03371381049,0.03371381049,0.02632659256,0.03371381049,0.02777627601
1997-12-31,0.01801511942,0.01801511942,0.01474069842,0.01801511942,0.0153832778
1998-01-31,0.005716144893,0.005716144893,0.005365254793,0.005716144893,0.005434114217
1998-02-28,0.07411044228,0.07411044228,0.05671381201,0.07411044228,0.06012776395
1998-03-31,0.05141233481,0.05141233481,0.03963980504,0.05141233481,0.04195007147
1998-04-30,0.011615653,0.011615653,0.009802992287,0.011615653,0.0101587127
1998-05-31,-0.02678114553,-0.02678114553,-0.01915997856,-0.02678114553,-0.02065587043
1998-06-30,0.03591362707,0.03591362707,0.02803089781,0.03591362707,0.02957782146
1998-07-31,-0.02028168745,-0.02028168745,-0.01426973464,-0.02028168745,-0.01544976801
1998-08-31,-0.1562703489,-0.1562703489,-0.1165144068,-0.1562703489,-0.1243177512
1998-09-30,0.06641108424,0.0658778787,0.05109563337,0.06641108424,0.05410117021
1998-10-31,0.07291054232,0.0032,0.05563777646,0.07291054232,0.05902742098
1998-11-30,0.06371130934,0.00259870065,0.04869313677,0.06371130934,0.05164033508
1998-12-31,0.06521118429,0.06521118429,0.04999481999,0.06521118429,0.05298091186
1999-01-31,0.03821343532,0.03821343532,0.02961219624,0.03821343532,0.0313001218
1999-02-28,-0.03738026179,-0.03738026179,-0.02725863391,-0.03738026179,-0.02924531927
1999-03-31,0.03901336862,0.03901336862,0.03041214607,0.03901336862,0.03210006838
1999-04-30,0.04701270165,0.04701270165,0.03628075022,0.04701270165,0.03838681132
1999-05-31,-0.02128160408,-0.02128160408,-0.01517063509,-0.02128160408,-0.01637010347
1999-06-30,0.05161231814,0.05161231814,0.03981501466,0.05161231814,0.04213014273
1999-07-31,-0.0311807787,-0.0311807787,-0.02251981593,-0.0311807787,-0.02421980018
1999-08-31,-0.009882554511,-0.009882554511,-0.006470103563,-0.009882554511,-0.007139903563
1999-09-30,-0.02388138731,-0.02388138731,-0.01700293663,-0.02388138731,-0.01835304725
1999-10-31,0.06471122597,0.06417887036,0.04964351838,0.06471122597,0.05260043755
1999-11-30,0.03761348534,0.003098450775,0.02918567874,0.03761348534,0.03083956954
1999-12-31,0.08090987535,0.08090987535,0.06195238171,0.08090987535,0.06567264081
2000-01-31,-0.04337976156,-0.04337976156,-0.03162414999,-0.04337976156,-0.03393155565
2000-02-29,0.02881421901,0.02881421901,0.02274012532,0.02881421901,0.02393211846
2000-03-31,0.05671189294,0.05671189294,0.04382446991,0.05671189294,0.04635352537
2000-04-30,-0.05937842762,-0.05937842762,-0.04353787747,-0.05937842762,-0.04664707981
2000-05-31,-0.0389801284,-0.0389801284,-0.02809099818,-0.0389801284,-0.03022832983
2000-06-30,0.05071239317,0.05018703698,0.03913807165,0.05071239317,0.04140944127
2000-07-31,-0.02008170412,0.004297851074,-0.01392119195,-0.02008170412,-0.01513038473
2000-08-31,0.07521035057,0.07521035057,0.05781374302,0.07521035057,0.0612276905
2000-09-30,-0.04937926133,-0.04937926133,-0.03589062925,-0.04937926133,-0.03853819427
2000-10-31,-0.0222815207,-0.0222815207,-0.01537827779,-0.0222815207,-0.01673325466
2000-11-30,-0.101974876,-0.1024238886,-0.07546398777,-0.101974876,-0.08066757698
2000-12-31,0.01671522781,0.005,0.01381244753,0.01620687019,0.01438209534
2001-01-31,0.03781346867,0.0054,0.02978211162,0.0054,0.03135820231
2001-02-28,-0.0965753262,0.0038,-0.07172319325,0.0038,-0.07660119997
2001-03-31,-0.06837767728,0.0042,-0.05040802126,0.0042,-0.05393512708
2001-04-30,0.08310969193,0.0039,0.06348324208,0.0039,0.06733477859
2001-05-31,0.009915794732,0.0032,0.008251765934,0.0032,0.008578318505
2001-06-30,-0.01668198758,0.0028,-0.01185840231,0.0028,-0.01280518146
2001-07-31,-0.01838184585,0.003,-0.01308787077,0.003,-0.0141269786
2001-08-31,-0.06097829422,0.0031,-0.04511301789,0.0031,-0.04822707353
2001-09-30,-0.08967590146,0.0028,-0.06677960329,0.0028,-0.0712737164
2001-10-31,0.02691437742,0.0022,0.0207906888,0.0022,0.02199241455
2001-11-30,0.07691020884,0.0017,0.05827474447,0.0017,0.06193180786
2001-12-31,0.01751516111,0.0015,0.01354695029,0.0015,0.01432568047
2002-01-31,-0.01308228772,0.0008995502249,-0.009496588393,0.0014,-0.0102003938
2002-02-28,-0.02178156239,-0.02227067161,-0.016066751,0.0013,-0.0171884611
2002-03-31,0.04361298511,0.0013,0.03312874183,0.0013,0.03518619216
2002-04-30,-0.05067915295,0.0009995002499,-0.03776000942,0.0009995002499,-0.04029579454
2002-05-31,-0.01228235442,-0.01277621324,-0.008894712218,-0.01277621324,-0.009559642727
2002-06-30,-0.07107745217,0.0013,-0.0531573703,0.0013,-0.05667474565
2002-07-31,-0.08047666848,0.0015,-0.06017989695,0.0015,-0.06416377182
2002-08-31,0.00631609487,0.0014,0.005097992804,0.0014,0.005337035759
2002-09-30,-0.1020748677,0.0014,-0.07645531288,0.0014,-0.08148395009
2002-10-31,0.0797099754,0.0014,0.06030645586,0.0014,0.06411424404
2002-11-30,0.06071155946,0.0012,0.04596588114,0.0012,0.04885960459
2002-12-31,-0.05657866106,0.0011,-0.04229788303,0.0011,-0.04510093142
2003-01-31,-0.02478131227,0.001,-0.01839806428,0.001,-0.01965097592
2003-02-28,-0.0179818792,0.0009,-0.01330687599,0.0009,-0.01422449128
2003-03-31,0.01181563633,0.001,0.009135755383,0.001,0.009661660952
2003-04-30,0.08270972528,0.001,0.0624638212,0.001,0.06643692072
2003-05-31,0.06131150943,0.0003998000999,0.04634284296,0.0009,0.04928032609
2003-06-30,0.0151153612,0.0151153612,0.01161787974,0.001,0.01230423299
2003-07-31,0.02391462753,0.02391462753,0.01816254452,0.00019990005,0.0192913456
2003-08-31,0.02391462753,0.02391462753,0.01816254452,0.02391462753,0.0192913456
2003-09-30,-0.01168240444,-0.01168240444,-0.008591860317,-0.01168240444,-0.009198476057
2003-10-31,0.0614115011,0.0614115011,0.04636850317,0.0614115011,0.04932057326
2003-11-30,0.01411544457,0.01411544457,0.01079138733,0.01411544457,0.01144370743
2003-12-31,0.04361298511,0.04361298511,0.03300485264,0.04361298511,0.03508661525
2004-01-31,0.0221147776,0.0221147776,0.01680865851,0.0221147776,0.01784994267
2004-02-29,0.01451541122,0.01451541122,0.01106747305,0.01451541122,0.01174410381
2004-03-31,-0.01238234608,-0.01238234608,-0.009093742766,-0.01238234608,-0.009739233803
2004-04-30,-0.01738192922,-0.01738192922,-0.01288022807,-0.01738192922,-0.01376382741
2004-05-31,0.01231559464,0.01231559464,0.009412723476,0.01231559464,0.009982389123
2004-06-30,0.01921501938,0.01921501938,0.01465217554,0.01921501938,0.01554759778
2004-07-31,-0.03948008671,-0.03948008671,-0.02945753899,-0.03948008671,-0.03142477679
2004-08-31,0.001716478379,0.00121562014,0.001563728359,0.001716478379,0.00159370435
2004-09-30,0.01701520279,0.0011,0.01307175949,0.01701520279,0.01384562924
2004-10-31,0.01521535286,0.0005997001499,0.01171787347,0.01521535286,0.01240422631
2004-11-30,0.04671272666,0.04671272666,0.03550999009,0.04671272666,0.03770843908
2004-12-31,0.03571364375,0.03571364375,0.02726102006,0.03571364375,0.02891978101
2005-01-31,-0.02598121223,-0.02598121223,-0.01915232331,-0.02598121223,-0.02049270589
2005-02-28,0.02031492767,0.02031492767,0.01567777304,0.02031492767,0.01658777819
2005-03-31,-0.01738192922,-0.01738192922,-0.0125583584,-0.01738192922,-0.01350513472
2005-04-30,-0.02408137063,-0.02408137063,-0.01759907137,-0.02408137063,-0.01887142491
2005-05-31,0.03881338529,0.03881338529,0.02979093535,0.03881338529,0.03156152023
2005-06-30,0.008015953138,0.008015953138,0.006599663479,0.008015953138,0.006877599191
2005-07-31,0.04151316019,0.04151316019,0.03182176438,0.04151316019,0.03372362462
2005-08-31,-0.009082621208,-0.009082621208,-0.006091060235,-0.009082621208,-0.006678247441
2005-09-30,0.007615986487,0.007615986487,0.006447466953,0.007615986487,0.006676779726
2005-10-31,-0.01778189588,-0.01778189588,-0.01271074126,-0.01778189588,-0.01370611362
2005-11-30,0.03911336028,0.03911336028,0.03019002789,0.03911336028,0.03194116173
2005-12-31,0.0007165617506,0.0007165617506,0.001331441322,0.0007165617506,0.001210752016
2006-01-31,0.03371381049,0.03371381049,0.0262274812,0.03371381049,0.02769661448
2006-02-28,0.0003165950992,0.0003165950992,0.001080021644,0.0003165950992,0.0009301753586
2006-03-31,0.01831509441,0.01831509441,0.01469378986,0.01831509441,0.01540444242
2006-04-30,0.0108157197,0.0108157197,0.009027820297,0.0108157197,0.0093786815
2006-05-31,-0.03138076202,-0.03138076202,-0.02254648895,-0.03138076202,-0.02428049076
2006-06-30,0.000416586762,0.000416586762,0.001303811397,0.000416586762,0.001129665873
2006-07-31,-0.003783063077,-0.003783063077,-0.001856038522,-0.003783063077,-0.002234277233
2006-08-31,0.02441458584,0.02441458584,0.01940584833,0.02441458584,0.0203887737
2006-09-30,0.02241475259,0.02241475259,0.0178767527,0.02241475259,0.0187672995
2006-10-31,0.03621360206,0.03621360206,0.02825654548,0.03621360206,0.02981805529
2006-11-30,0.02111486097,0.02111486097,0.01692372397,0.02111486097,0.01774620166
2006-12-31,0.0124155863,0.0124155863,0.01033038589,0.0124155863,0.01073959008
2007-01-31,0.01811511109,0.01811511109,0.01471680296,0.01811511109,0.01538369421
2007-02-28,-0.01588205428,-0.01588205428,-0.01100893408,-0.01588205428,-0.01196543601
2007-03-31,0.01131567801,0.01131567801,0.009577344617,0.01131567801,0.009918478881
2007-04-30,0.03921335195,0.03921335195,0.03058735569,0.03921335195,0.03228013965
2007-05-31,0.03631359372,0.03631359372,0.02833176137,0.03631359372,0.02989813323
2007-06-30,-0.01568207096,-0.01568207096,-0.01080894663,-0.01568207096,-0.01176544937
2007-07-31,-0.03328060362,-0.03328060362,-0.02405022248,-0.03328060362,-0.02586197286
2007-08-31,0.01351549459,0.01351549459,0.01120731635,0.01351549459,0.01166027819
2007-09-30,0.03531367709,0.03531367709,0.02735660192,0.03531367709,0.02891811538
2007-10-31,0.02101486931,0.02101486931,0.01660072969,0.02101486931,0.01746696989
2007-11-30,-0.04467965318,-0.04467965318,-0.03277551321,-0.04467965318,-0.0351120722
2007-12-31,-0.006082871323,-0.006082871323,-0.003908302193,-0.006082871323,-0.004335129253
2008-01-31,-0.06127826921,-0.06174763008,-0.04558631351,-0.06127826921,-0.04866634956
2008-02-29,-0.02968090375,0.0013,-0.02201027823,-0.0301660633,-0.02351587789
2008-03-31,-0.007782729591,0.0017,-0.005434881117,0.0017,-0.005895719656
2008-04-30,0.04781263495,0.0018,0.0364116984,0.0018,0.03864904257
2008-05-31,0.02041491933,0.0018,0.01580254461,0.0018,0.01670768689
2008-06-30,-0.08267648506,0.0017,-0.06178553802,0.0017,-0.06588603838
2008-07-31,-0.006082871323,0.0015,-0.004205412655,0.0015,-0.004573922514
2008-08-31,0.01651524448,0.0013,0.01274523572,0.0013,0.0134850703
2008-09-30,-0.09207570137,0.0015,-0.06890710149,0.0015,-0.0734546623
2008-10-31,-0.1712690983,0.0008,-0.1286661573,0.0008,-0.1370283141
2008-11-30,-0.07717694361,0.0003,-0.05799426819,0.0003,-0.06175946692
2008-12-31,0.01761515277,0,0.0132504986,0,0.01410702767
2009-01-31,-0.08097662679,0,-0.06092745763,0,-0.06486273281
2009-02-28,-0.101374926,0.0001,-0.0762505409,0.0001,-0.0811819856
2009-03-31,0.0902091,0.0002,0.06790679022,0.0002,0.07228344319
2009-04-30,0.1017081412,0.0001,0.0765318397,0.0001,0.08147249096
2009-05-31,0.05201228479,0,0.03912476466,0,0.04165383918
2009-06-30,0.00421626995,-0.0003998000999,0.003196347214,0.0001,0.003396499033
2009-07-31,0.07741016715,0.07741016715,0.05825437849,0.0001,0.06201355144
2009-08-31,0.03331384384,0.03331384384,0.02508417112,0.0001,0.0266991797
2009-09-30,0.04081321855,0.04081321855,0.03072536285,0.0001,0.03270502523
2009-10-31,-0.02538126225,-0.02538126225,-0.01909706346,0,-0.0203305336
2009-11-30,0.05621193463,0.05621193463,0.04228383203,-0.0004997501249,0.04501711268
2009-12-31,0.02801428571,0.02801428571,0.02109772897,0.02801428571,0.02245504886
2010-01-31,-0.03358057861,-0.03358057861,-0.02526629425,-0.03358057861,-0.02689823204
2010-02-28,0.03381380215,0.03381380215,0.02543547273,0.03381380215,0.02707965402
2010-03-31,0.0630113677,0.0630113677,0.04742329037,0.0630113677,0.05048232801
2010-04-30,0.01991496102,0.01991496102,0.0150052419,0.01991496102,0.01596873568
2010-05-31,-0.07897679354,-0.07897679354,-0.05939800799,-0.07897679354,-0.0632409557
2010-06-30,-0.05557874443,-0.05557874443,-0.04179312987,-0.05557874443,-0.04449898697
2010-07-31,0.0692108508,0.06867624537,0.05208667554,0.0692108508,0.05544716032
2010-08-31,-0.04777939473,-0.0003998000999,-0.03592483716,-0.04777939473,-0.03825166406
2010-09-30,0.09550865813,0.0949609038,0.07186845453,0.09550865813,0.07650765866
2010-10-31,0.03871339363,-0.0003998000999,0.02914582917,0.03871339363,0.03102338849
2010-11-30,0.005916128218,0.005916128218,0.004475017339,0.005916128218,0.004757824021
2010-12-31,0.06821093417,0.06821093417,0.05133451664,0.06821093417,0.05464638092
2011-01-31,0.01981496935,0.01981496935,0.01493002601,0.01981496935,0.01588865774
2011-02-28,0.03481371878,0.03481371878,0.02621240947,0.03481371878,0.02790034881
2011-03-31,0.004516244939,0.004516244939,0.003421994883,0.004516244939,0.003636732855
2011-04-30,0.02891421067,0.02891421067,0.02174989414,0.02891421067,0.02315583494
2011-05-31,-0.01278231273,-0.01278231273,-0.0096175137,-0.01278231273,-0.01023870428
2011-06-30,-0.01748192089,-0.01748192089,-0.01315353623,-0.01748192089,-0.01400311681
2011-07-31,-0.02358141232,-0.02358141232,-0.01774284206,-0.02358141232,-0.0188888437
2011-08-31,-0.05957841094,-0.05957841094,-0.04480251074,-0.05957841094,-0.04770274231
2011-09-30,-0.07587705199,-0.07633911346,-0.05709049702,-0.07587705199,-0.06077794475
2011-10-31,0.1132071825,0,0.08515688918,0.1132071825,0.09066153873
2011-11-30,-0.002783146449,0,-0.00209406151,-0.002783146449,-0.002229315935
2011-12-31,0.007416003161,0,0.005578477846,0.007416003161,0.005939077745
2012-01-31,0.05041241818,0,0.03792131043,0.05041241818,0.04037259213
2012-02-29,0.04411294343,-0.0004997501249,0.03318270938,0.04411294343,0.03532768189
2012-03-31,0.03111402726,0.03111402726,0.02340464371,0.03111402726,0.02491754963
2012-04-30,-0.008582662894,-0.008582662894,-0.00645766378,-0.008582662894,-0.006874761177
2012-05-31,-0.06167823586,-0.06167823586,-0.0463824357,-0.06167823586,-0.04938471386
2012-06-30,0.03881338529,0.03881338529,0.02919626722,0.0382939786,0.03108355104
2012-07-31,0.007815969813,0.007815969813,0.005879341405,-0.0004997501249,0.006259389506
2012-08-31,0.02541450247,0.02541450247,0.01914211584,0.02541450247,0.02037302241
2012-09-30,0.02731434407,0.02731434407,0.02057121774,0.02731434407,0.02189450328
2012-10-31,-0.01758191255,-0.01758191255,-0.01320401155,-0.01758191255,-0.01406331125
2012-11-30,0.007815969813,0.007815969813,0.005904119244,0.007815969813,0.006279304889
2012-12-31,0.01181563633,0.01181563633,0.008912754833,0.01181563633,0.009482422507
2013-01-31,0.05561198465,0.05561198465,0.04183253669,0.05561198465,0.04453664504
2013-02-28,0.01271556129,0.01271556129,0.009564920002,0.01271556129,0.01018320859
2013-03-31,0.04031326024,0.04031326024,0.03032450557,0.04031326024,0.03228472015
2013-04-30,0.01551532785,0.01551532785,0.01167096491,0.01551532785,0.01242539092
2013-05-31,0.02791429404,0.02791429404,0.02099773524,0.02791429404,0.02235505553
2013-06-30,-0.01208237109,-0.01208237109,-0.009090872046,-0.01208237109,-0.009678047098
2013-07-31,0.05641191796,0.05641191796,0.04243426381,0.05641191796,0.04517726856
2013-08-31,-0.02718111218,-0.02718111218,-0.02045128485,-0.02718111218,-0.0217722235
2013-09-30,0.03761348534,0.03761348534,0.02829367654,0.03761348534,0.03012261576
2013-10-31,0.04161315185,0.04161315185,0.03130231213,0.04161315185,0.03332573338
2013-11-30,0.03101403559,0.03101403559,0.02332942782,0.03101403559,0.02483747169
2013-12-31,0.02801428571,0.02801428571,0.02107295113,0.02801428571,0.02243513348
2014-01-31,-0.03328060362,-0.03328060362,-0.02504059069,-0.03328060362,-0.02665795039
2014-02-28,0.04651274333,0.04651274333,0.03498789073,0.04651274333,0.03724955246
2014-03-31,0.00421626995,0.00421626995,0.003171569375,0.00421626995,0.00337658365
2014-04-30,-0.001883221483,-0.001883221483,-0.001416950813,-0.001883221483,-0.001508470984
2014-05-31,0.02041491933,0.02041491933,0.01535654351,0.02041491933,0.01634921
2014-06-30,0.02591446079,0.02591446079,0.01949341745,0.02591446079,0.02075349673
2014-07-31,-0.02038167911,-0.02038167911,-0.01533533736,-0.02038167911,-0.01632583943
2014-08-31,0.04231309349,0.04231309349,0.03182882336,0.04231309349,0.03388627896
2014-09-30,-0.01968173747,-0.01968173747,-0.01480869571,-0.01968173747,-0.01576518224
2014-10-31,0.02501453582,0.02501453582,0.01881647444,0.02501453582,0.02003279526
2014-11-30,0.02551449414,0.02551449414,0.01919255389,0.02551449414,0.02043318496
2014-12-31,-0.0005833298664,-0.0005833298664,-0.000438902028,-0.0005833298664,-0.0004672504989
2015-01-31,-0.03108078703,-0.03108078703,-0.02338543121,-0.03108078703,-0.02489588496
2015-02-28,0.06121151777,0.06121151777,0.04604462652,0.06121151777,0.0490210097
2015-03-31,-0.01118244613,-0.01118244613,-0.008413761349,-0.01118244613,-0.008957202147
2015-04-30,0.005816136556,0.005816136556,0.00437502361,0.005816136556,0.004657830698
2015-05-31,0.01361548626,0.01361548626,0.01024186301,0.01361548626,0.01090391005
2015-06-30,-0.0152821043,-0.0152821043,-0.01149837675,-0.0152821043,-0.01224105137
2015-07-31,0.01561531951,0.01561531951,0.0117461808,0.01561531951,0.01250546886
2015-08-31,-0.06027835258,-0.06027835258,-0.0453539116,-0.06027835258,-0.04828329893
2015-09-30,-0.03068082038,-0.03116547997,-0.02308449312,-0.03068082038,-0.02457550942
2015-10-31,0.07741016715,0,0.05822960065,0.07687146207,0.06199363605
2015-11-30,0.00561615323,-0.0004997501249,0.004224591831,-0.0004997501249,0.004497674817
2015-12-31,-0.0214815874,-0.0214815874,-0.0161381579,-0.0214815874,-0.01718697271
2016-01-31,-0.05737859436,-0.05784990507,-0.04314735126,-0.05737859436,-0.04594067687
2016-02-29,-0.0004833382036,0.0002,-0.0003141490958,-0.0009830965345,-0.0003473577386
2016-03-31,0.06961081745,0.0002,0.05241231693,0.0002,0.05578738746
2016-04-30,0.009215853092,-0.0003998000999,0.0069571417,0.0001,0.007400396055
2016-05-31,0.0178151361,0.0178151361,0.01342570822,0.0001,0.01428709893
2016-06-30,-0.000183363215,-0.000183363215,-8.844553012e-05,0.0002,-0.0001070760881
2016-07-31,0.03951332693,0.03951332693,0.02977233413,-0.000299850075,0.03168392739
2016-08-31,0.005016203253,0.005016203253,0.00382285217,0.005016203253,0.00405703794
2016-09-30,0.00281638667,0.00281638667,0.002168102596,0.00281638667,0.00229532325
2016-10-31,-0.01998171246,-0.01998171246,-0.01498488087,-0.01998171246,-0.01596566502
2016-11-30,0.04861256825,0.04861256825,0.03659220225,0.04861256825,0.03895110459
2016-12-31,0.01831509441,0.01831509441,0.01385134334,0.01831509441,0.0147273194
2017-01-31,0.01971497769,0.01971497769,0.01492914364,0.01971497769,0.01586832595
2017-02-28,0.03581363541,0.03581363541,0.02703890188,0.03581363541,0.02876087436
2017-03-31,0.001916461705,0.001916461705,0.001515937428,0.001916461705,0.001594537169
2017-04-30,0.01121568635,0.01121568635,0.00856057085,0.01121568635,0.009081616395
2017-05-31,0.01121568635,0.01121568635,0.008585348689,0.01121568635,0.009101531778
2017-06-30,0.00841591979,0.00841591979,0.006479303777,0.00841591979,0.006859349446
2017-07-31,0.0194150027,0.0194150027,0.01477782949,0.0194150027,0.01568783828
2017-08-31,0.002616403345,0.002616403345,0.002191115689,0.002616403345,0.002274575048
2017-09-30,0.02571447746,0.02571447746,0.01956598622,0.02571447746,0.02077257929
2017-10-31,0.02341466922,0.02341466922,0.01783602075,0.02341466922,0.01893078666
2017-11-30,0.03191396056,0.03191396056,0.02420459354,0.03191396056,0.02571749621
2017-12-31,0.01141566967,0.01141566967,0.008810113985,0.01141566967,0.009321433807
2018-01-31,0.05681188461,0.05681188461,0.0430076836,0.05681188461,0.04571664953
2018-02-28,-0.03538042854,-0.03538042854,-0.02634816439,-0.03538042854,-0.02812102812
2018-03-31,-0.02238151237,-0.02238151237,-0.01654291734,-0.02238151237,-0.01768892383
2018-04-30,0.004016286624,0.004016286624,0.00336802734,0.004016286624,0.003495243129
2018-05-31,0.02791429404,0.02791429404,0.02134462498,0.02791429404,0.02263387089
2018-06-30,0.006216103207,0.006216103207,0.005022776914,0.006216103207,0.005256957818
2018-07-31,0.03351382716,0.03351382716,0.02560627049,0.03351382716,0.02715806632
2018-08-31,0.03601361873,0.03601361873,0.02748666773,0.03601361873,0.02916001484
2018-09-30,0.002016453368,0.002016453368,0.001888487384,0.002016453368,0.001913599703
2018-10-31,-0.07467715203,-0.07467715203,-0.05571725786,-0.07467715203,-0.05943872882
2018-11-30,0.01881505273,0.0183056452,0.01459909037,0.01881505273,0.01542643984
2018-12-31,-0.09367556797,0.00139930035,-0.07001181702,-0.09367556797,-0.07465656668
2019-01-31,0.08570947517,0.08516662043,0.06499285412,0.08516662043,0.06905832815
2019-02-28,0.03591362707,0.0018,0.02746100752,0.0018,0.02911976766
2019-03-31,0.01281555295,0.00139930035,0.01011091483,0.00139930035,0.0106416788
2019-04-30,0.04171314352,0.04171314352,0.03189786264,0.04171314352,0.03382403435
2019-05-31,-0.06717777732,-0.06717777732,-0.0500251503,-0.06717777732,-0.05339188868
2019-06-30,0.07161065071,0.07107484538,0.05431308015,0.07161065071,0.0577075924
2019-07-31,0.01411544457,0.00139930035,0.0110887214,0.01411544457,0.01168269203
2019-08-31,-0.02398137897,-0.02398137897,-0.01764763287,-0.02398137897,-0.01889082822
2019-09-30,0.01581530284,0.01581530284,0.01234261368,0.01581530284,0.01302410163
2019-10-31,0.0221147776,0.0221147776,0.01700688122,0.0221147776,0.01800926573
2019-11-30,0.03981330192,0.03981330192,0.03024576018,0.03981330192,0.03212331504
2019-12-31,0.02901420234,0.02901420234,0.02217199977,0.02901420234,0.02351472824
2020-01-31,0.0001166117735,0.0001166117735,0.0004096092923,0.0001166117735,0.0003520993849
2020-02-29,-0.08037667682,-0.08037667682,-0.06017894004,-0.08037667682,-0.06414337625
2020-03-31,-0.1325723248,-0.1330060387,-0.09945136047,-0.1325723248,-0.1059523834
2020-04-30,0.1359052899,0,0.1022308961,0.1353373373,0.1088392312
2020-05-31,0.05571197632,0.0001,0.04193253042,0.0001,0.04463663836
2020-06-30,0.02451457751,-0.0003998000999,0.01846517283,-0.0003998000999,0.01965232094
2020-07-31,0.05831175955,0.05831175955,0.04388814356,0.05831175955,0.04671866481
2020-08-31,0.0762102672,0.0762102672,0.05735178782,0.0762102672,0.06105261615
2020-09-30,-0.03638034516,-0.03638034516,-0.02734810166,-0.03638034516,-0.02912096134
2020-10-31,-0.02078164576,-0.02078164576,-0.01561151625,-0.02078164576,-0.01662631552
2020-11-30,0.1245062404,0.1245062404,0.09368106255,0.1245062404,0.09973026138
2020-12-31,0.04631276001,0.04631276001,0.03486223679,0.04631276001,0.03710931196
2021-01-31,-0.0007833131921,-0.0007833131921,-0.0005893710718,-0.0007833131921,-0.0006274382658
2021-02-28,0.02801428571,0.02801428571,0.02107295113,0.02801428571,0.02243513348
2021-03-31,0.03161398557,0.03161398557,0.02378072316,0.03161398557,0.02531793933
2021-04-30,0.04941250156,0.04941250156,0.03716915153,0.04941250156,0.03957181273
2021-05-31,0.002916378333,0.002916378333,0.002193762808,0.002916378333,0.002335570425
2021-06-30,0.02731434407,0.02731434407,0.0205464399,0.02731434407,0.02187458789
2021-07-31,0.01331551127,0.01331551127,0.01001621534,0.01331551127,0.01066367623
2021-08-31,0.02931417732,0.02931417732,0.0220507577,0.02931417732,0.0234761467
2021-09-30,-0.0440797032,-0.0440797032,-0.03316591905,-0.0440797032,-0.03530808981
2021-10-31,0.06621110091,0.06621110091,0.049805421,0.06621110091,0.05302490672
2021-11-30,-0.01588205428,-0.01588205428,-0.01194978388,-0.01588205428,-0.01272161467
2021-12-31,0.03231392721,0.03231392721,0.02433201223,0.03231392721,0.0258984003
2022-01-31,-0.06167823586,-0.06167823586,-0.04640719491,-0.06167823586,-0.0494046133
2022-02-28,-0.02288147068,-0.02337002995,-0.01721620041,-0.02288147068,-0.01832818651
2022-03-31,0.0307140606,0,0.02310378015,0.0307140606,0.02459723787
2022-04-30,-0.09417552629,0,-0.07085841452,-0.09417552629,-0.07543512543
2022-05-31,-0.0031831131,0.0003,-0.002320721982,-0.003681521544,-0.002489993154
2022-06-30,-0.08347641836,0.0006,-0.06265976545,0.0006,-0.06674568327
2022-07-31,0.09640858309,0.0008,0.07271884241,0.0008,0.0773677678
2022-08-31,-0.03588038685,0.0019,-0.02652626336,0.0019,-0.02836230203
2022-09-30,-0.09157574306,0.0019,-0.06843189206,0.0019,-0.07297459513
2022-10-31,0.08070989203,0.0023,0.06128161531,0.0023,0.06509426189
2022-11-30,0.04931250989,0.0029,0.03781249297,0.0029,0.04006928089
2022-12-31,-0.06057832757,0.0027986007,-0.0447625614,0.0033,-0.04786689911
2023-01-31,0.06951082579,0.06897607037,0.05315476973,0.0035,0.05636451716
2023-02-28,-0.02238151237,0.002898550725,-0.01599821483,0.0034,-0.01725113619
2023-03-31,0.0283142607,0.0283142607,0.022190601,0.0036,0.02339232108
2023-04-30,0.009615819744,0.009615819744,0.008100451781,0.0035,0.008397830832
2023-05-31,0.006916044847,0.006916044847,0.006094400597,0.003098450775,0.006255641822
2023-06-30,0.06851090916,0.06851090916,0.05252650002,0.06851090916,0.05566331466
2023-07-31,0.03651357705,0.03651357705,0.02858130451,0.03651357705,0.03013795064
2023-08-31,-0.01918177916,-0.01918177916,-0.01331835887,-0.01918177916,-0.0144692381
2023-09-30,-0.04807936972,-0.04807936972,-0.03511065411,-0.04807936972,-0.0376561693
2023-10-31,-0.02688113719,-0.02688113719,-0.01906189864,-0.02688113719,-0.02059666825
2023-11-30,0.09310885822,0.09256230379,0.07112872025,0.09310885822,0.07544214954
2023-12-31,0.05271222643,0.00379810095,0.04071672296,0.05271222643,0.04307074622
2024-01-31,0.01191562799,0.01191562799,0.01012775131,0.01191562799,0.01047860806
2024-02-29,0.05481205135,0.05481205135,0.04227147881,0.05481205135,0.04473246759
2024-03-31,0.0326139022,0.0326139022,0.02559832913,0.0326139022,0.0269750802
2024-04-30,-0.04187988662,-0.04187988662,-0.03034707693,-0.04187988662,-0.03261075077
2024-05-31,0.04761265162,0.04761265162,0.03690549043,0.04761265162,0.03900668664
2024-06-30,0.03201395222,0.03201395222,0.02509747811,0.03201395222,0.02645478179
2024-07-31,0.01661523614,0.01661523614,0.01361334245,0.01661523614,0.01420244049
2024-08-31,0.02071489432,0.02071489432,0.01677152745,0.02071489432,0.0175453822
2024-09-30,0.02111486097,0.02111486097,0.01687416829,0.02111486097,0.0177063709
2024-10-31,-0.006182862986,-0.006182862986,-0.003686426253,-0.006182862986,-0.004176429875
2024-11-30,0.06881088415,0.06881088415,0.05275214769,0.06881088415,0.05590354849
2024-12-31,-0.02808103715,-0.02808103715,-0.02021230496,-0.02808103715,-0.02175678923
2025-01-31,0.03161398557,0.03161398557,0.0246975032,0.03161398557,0.02605480849
2025-02-28,-0.02118161241,-0.02118161241,-0.01512015977,-0.02118161241,-0.01630990903
2025-03-31,-0.06057832757,-0.06057832757,-0.04473780219,-0.06057832757,-0.04784699968
2025-04-30,-0.004982963032,-0.00548047155,-0.002882648811,-0.004982963032,-0.003294901027
2025-05-31,0.06431125932,0.0038,0.04931787698,0.06431125932,0.0522602104
2025-06-30,0.05191229313,0.002898550725,0.0398919953,0.05191229313,0.04225088426
2025-07-31,0.02311469423,0.02311469423,0.01822981906,0.02311469423,0.01918843741
2025-08-31,0.0221147776,0.0221147776,0.01757677151,0.0221147776,0.01846731954
2025-09-30,0.03711352703,0.03711352703,0.02873526578,0.03711352703,0.03037943369
2025-10-31,0.02321468589,0.02321468589,0.01837936846,0.02321468589,0.0193282615
2025-11-30,0.001616486716,0.001616486716,0.001959033609,0.001616486716,0.00189179809
2025-12-31,-0.0002833548779,-0.0002833548779,0.0006286145131,-0.0002833548779,0.0004496120578
2026-01-31,0.01321551961,0.01321551961,0.01068433462,0.01321551961,0.01118105977
2026-02-28,-0.008982629545,-0.008982629545,-0.006065344123,-0.008982629545,-0.006637952435
2026-03-31,-0.04897929468,-0.04897929468,-0.03613439368,-0.04897929468,-0.03865560639
2026-04-30,0.1023080912,0.1017569372,0.07767691452,0.1023080912,0.08251058932
2026-05-31,0.05211227645,0.00259870065,0.03996809356,0.05211227645,0.04235129399
2026-06-30,-0.007882721254,-0.007882721254,-0.005213005177,-0.007882721254,-0.005737020278
2026-07-31,-0.002783146449,-0.002783146449,-0.00127700774,-0.002783146449,-0.001572634467
