name,period,annual_drag,size_controlled,purpose,start,end,observations,cagr,annualized_volatility,sharpe,sortino,max_drawdown,calmar,beta,correlation,excess_cagr,annualized_mean_excess_vs_benchmark,monthly_positive_rate,worst_year,worst_year_return,best_year,best_year_return
single_high_value_high_profit,full,0.005,False,"neighborhood falsification, not choosing the highest return",1964-01-31,2026-07-31,751,0.11654146115801423,0.2948683842630639,0.3723240577112409,0.5919217625846096,-0.8904569373643545,0.13087826740163644,1.2149372464486698,0.6367574202300517,0.009615905309340977,0.03949718701641543,0.563249001331558,2015,-0.5674154108643001,2009,1.4221861595251997
single_high_value_high_profit,pre2000,0.005,False,"neighborhood falsification, not choosing the highest return",1964-01-31,1999-12-31,432,0.12503098482377584,0.2678528394167949,0.34143320463914106,0.5395930193005464,-0.8904569373643545,0.14041216321347613,1.1866500097832906,0.6777410104278883,0.0004715239144756911,0.023744126212979014,0.5763888888888888,1969,-0.48306872575049165,1976,0.8054672068660143
single_high_value_high_profit,2000_2007,0.005,False,"neighborhood falsification, not choosing the highest return",2000-01-31,2007-12-31,96,0.21450344239944874,0.2510785445172816,0.775229848855371,1.3314099813294582,-0.2997056216787132,0.7157137767318831,0.9499287597039096,0.543735584059488,0.19446030379495038,0.19650289350999772,0.6145833333333334,2005,-0.2252817565725621,2003,0.5636316302684607
single_high_value_high_profit,2008_2009,0.005,False,"neighborhood falsification, not choosing the highest return",2008-01-31,2009-12-31,24,0.466764760649794,0.4960519522775847,1.0227508449726581,1.6224084076389382,-0.5055862335332788,0.9232149328667797,1.6534737255598178,0.7967850718614561,0.5650160668829403,0.5909180641904013,0.6666666666666666,2008,-0.11179458497699934,2009,1.4221861595251997
single_high_value_high_profit,2010_2019,0.005,False,"neighborhood falsification, not choosing the highest return",2010-01-31,2019-12-31,120,0.029881092234022466,0.3549188668011186,0.23585621647391503,0.39016117694144875,-0.7946088260561976,0.0376047826983351,1.5622618745506545,0.57113641923501,-0.10498979156313526,-0.046695250964498614,0.525,2015,-0.5674154108643001,2016,0.49440884420070197
single_high_value_high_profit,2020_onward,0.005,False,"neighborhood falsification, not choosing the highest return",2020-01-31,2026-07-31,79,0.006479139149097701,0.3045802377194614,0.08474886398065011,0.12242263361781394,-0.4776689190903475,0.013564079407628825,1.1872517409241623,0.6859469387331308,-0.14252866646802742,-0.10174628198061429,0.45569620253164556,2022,-0.23381074287780845,2021,0.3214247527251213
single_high_value_high_profit,dotcom,0.005,False,"neighborhood falsification, not choosing the highest return",2000-01-31,2002-12-31,36,0.23221487082217007,0.2938217473009413,0.7346301559096097,1.1798965891287982,-0.2997056216787132,0.7748098601604019,0.9074161094309801,0.6021610159913907,0.3807781587050556,0.3939222447753471,0.6944444444444444,2002,0.13797320977400984,2001,0.28323013738359215
single_high_value_high_profit,gfc,0.005,False,"neighborhood falsification, not choosing the highest return",2008-01-31,2008-12-31,12,-0.11179458497699934,0.5180242410784954,0.01667245429076332,0.021652258126867118,-0.4818812738828254,-0.23199611820604465,1.7389098982521334,0.7306416235215735,0.2553996387504347,0.4500982536903123,0.5833333333333334,2008,-0.11179458497699934,2008,-0.11179458497699934
single_high_value_high_profit,rebound2009,0.005,False,"neighborhood falsification, not choosing the highest return",2009-01-31,2009-12-31,12,1.4221861595251997,0.44965599052386096,2.2402761654138126,5.23752019194081,-0.18543626860974383,7.6694066925938476,1.6950399269537657,0.8358607214579391,1.1371936117328074,0.7317378746904902,0.75,2009,1.4221861595251997,2009,1.4221861595251997
single_high_value_high_profit,covid2020,0.005,False,"neighborhood falsification, not choosing the highest return",2020-01-31,2020-12-31,12,-0.22290707569497903,0.481058384571208,-0.29631501254318343,-0.4116975792990821,-0.44302851582658986,-0.5031438558285247,1.6411045974189042,0.9410963654317046,-0.4623283432887605,-0.3898962481140926,0.25,2020,-0.22290707569497903,2020,-0.22290707569497903
single_high_value_high_profit,inflation2022,0.005,False,"neighborhood falsification, not choosing the highest return",2022-01-31,2022-12-31,12,-0.23381074287780845,0.3534390612614048,-0.6177078739062943,-0.8019934214835573,-0.24461235288843064,-0.9558419275107137,1.235023687125371,0.8074198805758536,-0.03384197060149641,-0.008311932641613784,0.3333333333333333,2022,-0.23381074287780845,2022,-0.23381074287780845
single_high_value_high_profit,2023_2025,0.005,False,"neighborhood falsification, not choosing the highest return",2023-01-31,2025-12-31,36,0.07857859462351469,0.2708254637525045,0.23581483571954295,0.3767824374678384,-0.34254265107350024,0.22939798701637854,1.1057295434674588,0.5160517021736848,-0.15037154677312747,-0.10465941510084253,0.5,2023,-0.011402569493216053,2025,0.1418002469719255
single_high_value_high_profit,full,0.03,False,"neighborhood falsification, not choosing the highest return",1964-01-31,2026-07-31,751,0.08848765560128125,0.2942437620045033,0.2857141201927278,0.4452190608240322,-0.9061669453816271,0.09765050033249134,1.2123737039356128,0.6367574202300519,-0.018437900247392003,0.01375224081642619,0.5539280958721704,2015,-0.5782843703903222,2009,1.3613272107934131
single_high_value_high_profit,pre2000,0.03,False,"neighborhood falsification, not choosing the highest return",1964-01-31,1999-12-31,432,0.09676387465232494,0.26728544442144286,0.24599935607845677,0.38013954594475413,-0.9061669453816271,0.10678371700213958,1.184148307804077,0.6777410104278884,-0.027795586256975202,-0.0020006489003864935,0.5648148148148148,1969,-0.496056948721584,1976,0.7601037092060665
single_high_value_high_profit,2000_2007,0.03,False,"neighborhood falsification, not choosing the highest return",2000-01-31,2007-12-31,96,0.18398828053011695,0.2505466826564571,0.6735574994355131,1.1278073999067826,-0.3056205526395078,0.6020154042033253,0.9479265410930074,0.5437355840594883,0.1639451419256186,0.17060304852469235,0.6041666666666666,2005,-0.24474703907073803,2003,0.5243444033772942
single_high_value_high_profit,2008_2009,0.03,False,"neighborhood falsification, not choosing the highest return",2008-01-31,2009-12-31,24,0.429911374703821,0.4950011611201353,0.9714094916533008,1.525344203878411,-0.5139029444322403,0.8365614156556096,1.649978055120994,0.7967850718614559,0.5281626809369673,0.5644049446559563,0.6666666666666666,2008,-0.13411130394742554,2009,1.3613272107934131
single_high_value_high_profit,2010_2019,0.03,False,"neighborhood falsification, not choosing the highest return",2010-01-31,2019-12-31,120,0.004004682881409982,0.3541670390840131,0.16402939972846517,0.2665617462902112,-0.8053407932375972,0.004972656191064809,1.558953663152144,0.5711364192350097,-0.13086620091574774,-0.07230306712766187,0.5166666666666667,2015,-0.5782843703903222,2016,0.45686088329113717
single_high_value_high_profit,2020_onward,0.03,False,"neighborhood falsification, not choosing the highest return",2020-01-31,2026-07-31,79,-0.01880928143253735,0.30393504275740146,0.0009536210232550691,0.0013524594786932936,-0.5035869659575336,-0.03735061211676296,1.1847369288574057,0.6859469387331304,-0.16781708704966247,-0.12727886198342986,0.45569620253164556,2022,-0.25306172923766224,2021,0.2882231257722301
single_high_value_high_profit,dotcom,0.03,False,"neighborhood falsification, not choosing the highest return",2000-01-31,2002-12-31,36,0.2012546981884482,0.29319934214254484,0.6476183198525244,1.0208308729429443,-0.3056205526395078,0.658511662420284,0.9054957081782488,0.6021610159913906,0.34981798607133374,0.3679671024676039,0.6666666666666666,2002,0.10938091807114647,2001,0.2509881741327491
single_high_value_high_profit,gfc,0.03,False,"neighborhood falsification, not choosing the highest return",2008-01-31,2008-12-31,12,-0.13411130394742554,0.516926905830906,-0.03258712645883649,-0.041947586162742884,-0.4873457508723893,-0.27518718221581945,1.7352228435403967,0.7306416235215737,0.2330829197800085,0.4246267924350946,0.5833333333333334,2008,-0.13411130394742554,2008,-0.13411130394742554
single_high_value_high_profit,rebound2009,0.03,False,"neighborhood falsification, not choosing the highest return",2009-01-31,2009-12-31,12,1.3613272107934131,0.44870348033502444,2.1836029359653795,5.024361120000699,-0.18888360832277218,7.207227894900867,1.6914485704236295,0.8358607214579393,1.0763346630010209,0.7041830968768178,0.75,2009,1.3613272107934131,2009,1.3613272107934131
single_high_value_high_profit,covid2020,0.03,False,"neighborhood falsification, not choosing the highest return",2020-01-31,2020-12-31,12,-0.24243202354183824,0.4800393544184116,-0.3491480778495985,-0.4797810743315117,-0.4465605359329212,-0.5428872549952656,1.6376378834649652,0.9410963654317045,-0.4818532911356197,-0.4150227407646395,0.25,2020,-0.24243202354183824,2020,-0.24243202354183824
single_high_value_high_profit,inflation2022,0.03,False,"neighborhood falsification, not choosing the highest return",2022-01-31,2022-12-31,12,-0.25306172923766224,0.35269036822922223,-0.6897732798761667,-0.8802839626305524,-0.2588922264401199,-0.9774790565069121,1.2324021430604013,0.8074198805758538,-0.05309295696135019,-0.03329823911718521,0.3333333333333333,2022,-0.25306172923766224,2022,-0.25306172923766224
single_high_value_high_profit,2023_2025,0.03,False,"neighborhood falsification, not choosing the highest return",2023-01-31,2025-12-31,36,0.05147862993448249,0.2702517718212126,0.14132348306249579,0.21996959782180756,-0.34809576551929855,0.14788640090948907,1.1033858187859855,0.516051702173685,-0.17747151146215967,-0.13031408646979303,0.5,2023,-0.03624170091298384,2025,0.11311179855554587
top2_value_top2_profit,full,0.005,False,"neighborhood falsification, not choosing the highest return",1964-01-31,2026-07-31,751,0.14074861416250983,0.2075512829917577,0.5311247966627121,0.8217628065983211,-0.5491521309779677,0.25630168075985627,1.0750424167571784,0.8011012196077965,0.033823058313836585,0.03996902051065131,0.6085219707057257,2015,-0.344906607699883,2009,0.6989709449159174
top2_value_top2_profit,pre2000,0.005,False,"neighborhood falsification, not choosing the highest return",1964-01-31,1999-12-31,432,0.16388506793915503,0.19271960852618966,0.5647915961252931,0.904117948805019,-0.5491521309779677,0.2984329090142968,1.0540831850054944,0.835736477542197,0.03932560702985488,0.041347764484794325,0.6134259259259259,1973,-0.33813252185544584,1976,0.6638974778912403
top2_value_top2_profit,2000_2007,0.005,False,"neighborhood falsification, not choosing the highest return",2000-01-31,2007-12-31,96,0.16207152983598228,0.18090726459423032,0.7482582480309947,1.1678636104882665,-0.29048305491705073,0.5579379832750067,0.8342358441605835,0.6615385861365003,0.14202839123148392,0.13732880388974877,0.65625,2002,-0.04398959138048808,2003,0.4843077690457649
top2_value_top2_profit,2008_2009,0.005,False,"neighborhood falsification, not choosing the highest return",2008-01-31,2009-12-31,24,0.06239970989838217,0.36863275025543846,0.32654550738126187,0.47167714995629884,-0.5217691778968494,0.11959255652068856,1.427672897790403,0.9256991002206598,0.16065101613152843,0.20363387116698595,0.5416666666666666,2008,-0.33566071452268065,2009,0.6989709449159174
top2_value_top2_profit,2010_2019,0.005,False,"neighborhood falsification, not choosing the highest return",2010-01-31,2019-12-31,120,0.054035988195900275,0.20894791686179098,0.3313526895669313,0.49608363024220054,-0.5233689628455919,0.10324645141756786,1.316099758270374,0.8157374480093854,-0.08083489560125745,-0.06113264403506681,0.575,2015,-0.344906607699883,2013,0.38847170506885287
top2_value_top2_profit,2020_onward,0.005,False,"neighborhood falsification, not choosing the highest return",2020-01-31,2026-07-31,79,0.15152420460085758,0.24784788814462597,0.5868798338339486,0.9041698924992123,-0.36361539066341897,0.41671559700594785,1.0452509401683578,0.7420942232262504,0.0025163989837324596,0.017970118339904473,0.5949367088607594,2022,-0.11453677331150924,2021,0.4195720880314655
top2_value_top2_profit,dotcom,0.005,False,"neighborhood falsification, not choosing the highest return",2000-01-31,2002-12-31,36,0.07610076813839606,0.23706247216843027,0.27216946108634804,0.3894014084183768,-0.29048305491705073,0.2619800599388736,0.7727598263630014,0.6372975480605197,0.2246640560212816,0.24257031280545677,0.6666666666666666,2002,-0.04398959138048808,2000,0.18928359459189492
top2_value_top2_profit,gfc,0.005,False,"neighborhood falsification, not choosing the highest return",2008-01-31,2008-12-31,12,-0.33566071452268065,0.3328847473571658,-1.083390377860691,-1.1418732322240315,-0.41262556627231406,-0.8134753199009483,1.3488087226109082,0.8840858305387377,0.031533509204753396,0.08154873333803414,0.4166666666666667,2008,-0.33566071452268065,2008,-0.33566071452268065
top2_value_top2_profit,rebound2009,0.005,False,"neighborhood falsification, not choosing the highest return",2009-01-31,2009-12-31,12,0.6989709449159174,0.3642013026409921,1.6506034612801646,3.3988148183492584,-0.21180707055438064,3.300035938774099,1.5450523897692825,0.9403450394156004,0.41397839712352513,0.32571900899593775,0.6666666666666666,2009,0.6989709449159174,2009,0.6989709449159174
top2_value_top2_profit,covid2020,0.005,False,"neighborhood falsification, not choosing the highest return",2020-01-31,2020-12-31,12,0.0025217411718796434,0.41132770591606493,0.1963994223982303,0.27757274398926934,-0.36361539066341897,0.0069351882143346795,1.365536797052938,0.91508673665033,-0.23689952642190182,-0.16594156617245837,0.6666666666666666,2020,0.0025217411718796434,2020,0.0025217411718796434
top2_value_top2_profit,inflation2022,0.005,False,"neighborhood falsification, not choosing the highest return",2022-01-31,2022-12-31,12,-0.11453677331150924,0.3156440666011394,-0.2827543690290857,-0.3971551620135339,-0.20121513269317604,-0.5692254443216319,1.2309580769990445,0.9043432197946698,0.0854319989648028,0.12110549687638639,0.4166666666666667,2022,-0.11453677331150924,2022,-0.11453677331150924
top2_value_top2_profit,2023_2025,0.005,False,"neighborhood falsification, not choosing the highest return",2023-01-31,2025-12-31,36,0.20270854497041735,0.18578229007758595,0.8375356563775073,1.5142295229162037,-0.20715535603169488,0.9785339315069548,0.9557476030728589,0.6499828878431753,-0.02624159642622481,-0.013038277660407327,0.5555555555555556,2023,0.1356943547049001,2025,0.253027255744698
top2_value_top2_profit,full,0.03,False,"neighborhood falsification, not choosing the highest return",1964-01-31,2026-07-31,751,0.11208658868104093,0.2071116253069453,0.4081022059895833,0.6152954974734612,-0.6138100241068537,0.18260794753903953,1.0727752146764846,0.8011012196077969,0.005161032832367685,0.014223074821674682,0.59254327563249,2015,-0.361366240672247,2009,0.6562832327321018
top2_value_top2_profit,pre2000,0.03,False,"neighborhood falsification, not choosing the highest return",1964-01-31,1999-12-31,432,0.13464172452359957,0.1923113689061728,0.4323706947149148,0.6716957120147855,-0.6138100241068537,0.21935406597426435,1.0518623004822107,0.8357364775421974,0.010082263614299425,0.015565699431635233,0.5995370370370371,1973,-0.35476235798973044,1976,0.6220910085974924
top2_value_top2_profit,2000_2007,0.03,False,"neighborhood falsification, not choosing the highest return",2000-01-31,2007-12-31,96,0.13287375270442614,0.18052404716492446,0.6072897310259802,0.9224743596159333,-0.2994532885139525,0.4437211338162851,0.8324786988571742,0.6615385861365003,0.11283061409992778,0.11155430789226126,0.6458333333333334,2002,-0.06800995340610283,2003,0.4470136039943655
top2_value_top2_profit,2008_2009,0.03,False,"neighborhood falsification, not choosing the highest return",2008-01-31,2009-12-31,24,0.0357062498506846,0.3678518722999417,0.2574877602448878,0.3665168651671695,-0.5308096694832107,0.06726751960914301,1.4246555432055432,0.92569910022066,0.13395755608383086,0.1779411391011929,0.5416666666666666,2008,-0.35235265636884405,2009,0.6562832327321018
top2_value_top2_profit,2010_2019,0.03,False,"neighborhood falsification, not choosing the highest return",2010-01-31,2019-12-31,120,0.027552671909572224,0.20850530067532552,0.20940435819377604,0.3053074718814286,-0.5412191311864385,0.05090853283248207,1.3133129942200672,0.8157374480093861,-0.1073182118875855,-0.08670987734313665,0.5416666666666666,2015,-0.361366240672247,2013,0.3535854813234054
top2_value_top2_profit,2020_onward,0.03,False,"neighborhood falsification, not choosing the highest return",2020-01-31,2026-07-31,79,0.12259143564103825,0.24732286981124557,0.4839223213119621,0.7307226414657493,-0.3676510070269252,0.3334451240386788,1.0430369296307536,0.7420942232262506,-0.026416369976086873,-0.007816057953139851,0.5822784810126582,2022,-0.1367845930775513,2021,0.3839044476286675
top2_value_top2_profit,dotcom,0.03,False,"neighborhood falsification, not choosing the highest return",2000-01-31,2002-12-31,36,0.04906306039622632,0.236560300675356,0.16414925147735343,0.2301411904857642,-0.2994532885139525,0.1638421158762473,0.7711246686838386,0.6372975480605197,0.19762634827911185,0.21693578060930935,0.6388888888888888,2002,-0.06800995340610283,2000,0.15940209724034138
top2_value_top2_profit,gfc,0.03,False,"neighborhood falsification, not choosing the highest return",2008-01-31,2008-12-31,12,-0.35235265636884405,0.3321795947065882,-1.160174992570917,-1.207556448439315,-0.42005158465834325,-0.8388318702700208,1.3459480226065614,0.8840858305387378,0.014841567358589991,0.05685797373168666,0.4166666666666667,2008,-0.35235265636884405,2008,-0.35235265636884405
top2_value_top2_profit,rebound2009,0.03,False,"neighborhood falsification, not choosing the highest return",2009-01-31,2009-12-31,12,0.6562832327321018,0.36342981185945283,1.5806369590259488,3.1861081649236263,-0.2151428056018626,3.0504540037773866,1.5417787531414222,0.9403450394156005,0.3712906849397095,0.29902430447069916,0.6666666666666666,2009,0.6562832327321018,2009,0.6562832327321018
top2_value_top2_profit,covid2020,0.03,False,"neighborhood falsification, not choosing the highest return",2020-01-31,2020-12-31,12,-0.022667247299774207,0.410456386865296,0.13463792797418198,0.18827605875903253,-0.3676510070269252,-0.06165425054340774,1.3626538207631145,0.91508673665033,-0.26208851489355567,-0.19154246397023433,0.6666666666666666,2020,-0.022667247299774207,2020,-0.022667247299774207
top2_value_top2_profit,inflation2022,0.03,False,"neighborhood falsification, not choosing the highest return",2022-01-31,2022-12-31,12,-0.1367845930775513,0.3149754350342985,-0.36361721730447377,-0.500242297155739,-0.21631538875873457,-0.632338706286462,1.228345145151305,0.9043432197946698,0.06318417919876074,0.09584504433620811,0.4166666666666667,2022,-0.1367845930775513,2022,-0.1367845930775513
top2_value_top2_profit,2023_2025,0.03,False,"neighborhood falsification, not choosing the highest return",2023-01-31,2025-12-31,36,0.17248973730784534,0.18538874583947154,0.6997450015106657,1.217325636987081,-0.21385199886774064,0.8065846390078575,0.9537215864379316,0.6499828878431748,-0.05646040408879682,-0.03888703088029207,0.5555555555555556,2023,0.10715932066709,2025,0.22154415886669132
top3_value_top3_profit,full,0.005,False,"neighborhood falsification, not choosing the highest return",1964-01-31,2026-07-31,751,0.13830099918992156,0.17506731325214933,0.5818048626966054,0.88511112073351,-0.5262648456870715,0.26279733545447254,0.9845820736437871,0.869514919880198,0.03137544334124831,0.03162329429805352,0.6351531291611185,2008,-0.3470764143825972,1976,0.5675701332705989
top3_value_top3_profit,pre2000,0.005,False,"neighborhood falsification, not choosing the highest return",1964-01-31,1999-12-31,432,0.1593143529642418,0.16396430072157733,0.608804326352152,0.9607583468360071,-0.40260577082283944,0.39570807104587097,0.9724705242937682,0.9060723565046039,0.034754892054941644,0.03237079360428355,0.6296296296296297,1969,-0.2591999939098657,1976,0.5675701332705989
top3_value_top3_profit,2000_2007,0.005,False,"neighborhood falsification, not choosing the highest return",2000-01-31,2007-12-31,96,0.1492574280658454,0.14747644031058654,0.8049493487682843,1.2329816680675498,-0.23133096648949314,0.6452116218198767,0.7189049392774449,0.6993251069965838,0.12921428946134705,0.12063793704065737,0.7083333333333334,2002,-0.053196725752163165,2003,0.41215111214525635
top3_value_top3_profit,2008_2009,0.005,False,"neighborhood falsification, not choosing the highest return",2008-01-31,2009-12-31,24,-0.02466524338318843,0.3195497151072113,0.05381234765784645,0.07452389278852958,-0.5203552177535908,-0.04740078035475454,1.290874996549212,0.9654497630500875,0.07358606284995783,0.10031675918275407,0.5416666666666666,2008,-0.3470764143825972,2009,0.45695133154862133
top3_value_top3_profit,2010_2019,0.005,False,"neighborhood falsification, not choosing the highest return",2010-01-31,2019-12-31,120,0.09360897974088145,0.16580502856887774,0.5929142795025126,0.9099011626132693,-0.325140706824647,0.28790298408056947,1.1617903333195314,0.9070313928786288,-0.04126190405627628,-0.03201943806107153,0.6333333333333333,2015,-0.19807420065051007,2013,0.3551256498054782
top3_value_top3_profit,2020_onward,0.005,False,"neighborhood falsification, not choosing the highest return",2020-01-31,2026-07-31,79,0.13388564880368237,0.21651004286584175,0.5665206689981993,0.8363667267360154,-0.35691418551007104,0.37511999869757073,0.9892172220838845,0.8040366407168742,-0.015122156813442755,-0.0048303851667458285,0.6075949367088608,2022,-0.10678906502005292,2021,0.36135287696433993
top3_value_top3_profit,dotcom,0.005,False,"neighborhood falsification, not choosing the highest return",2000-01-31,2002-12-31,36,0.07667170373365373,0.19828703888822702,0.28620039660367486,0.40185390522152237,-0.23133096648949314,0.3314372688497633,0.6464696141140491,0.638686302945588,0.22523499161653926,0.23471594620438868,0.6666666666666666,2002,-0.053196725752163165,2000,0.23075341310820852
top3_value_top3_profit,gfc,0.005,False,"neighborhood falsification, not choosing the highest return",2008-01-31,2008-12-31,12,-0.3470764143825972,0.27152552098316673,-1.467428577390138,-1.4746195475254704,-0.38494576273082426,-0.901624197446466,1.1891654636492845,0.9556762707176065,0.020117809344836868,0.044063894468941434,0.4166666666666667,2008,-0.3470764143825972,2008,-0.3470764143825972
top3_value_top3_profit,rebound2009,0.005,False,"neighborhood falsification, not choosing the highest return",2009-01-31,2009-12-31,12,0.45695133154862133,0.33111500141757927,1.3045947840254808,2.3355961130201086,-0.23447719396249567,1.9488092800262278,1.4525755593583938,0.9724044200978605,0.17195878375622908,0.1565696238965667,0.6666666666666666,2009,0.45695133154862133,2009,0.45695133154862133
top3_value_top3_profit,covid2020,0.005,False,"neighborhood falsification, not choosing the highest return",2020-01-31,2020-12-31,12,0.0009724993063193743,0.38148954068635743,0.17668198179268726,0.2450823397605248,-0.35691418551007104,0.0027247426574809907,1.2981144678203613,0.9376204921435012,-0.2384487682874621,-0.17933566457501504,0.6666666666666666,2020,0.0009724993063193743,2020,0.0009724993063193743
top3_value_top3_profit,inflation2022,0.005,False,"neighborhood falsification, not choosing the highest return",2022-01-31,2022-12-31,12,-0.10678906502005292,0.2668821773025903,-0.35130549916466125,-0.4833495012696239,-0.20081172670873737,-0.531786996557938,1.062327256408367,0.9240747627044461,0.09317970725625913,0.11667440373854443,0.4166666666666667,2022,-0.10678906502005292,2022,-0.10678906502005292
top3_value_top3_profit,2023_2025,0.005,False,"neighborhood falsification, not choosing the highest return",2023-01-31,2025-12-31,36,0.1675330638744017,0.1645281931260412,0.7412784341058319,1.2876166170438312,-0.1498735619361885,1.117829333673487,0.9270724068482128,0.7119884732175701,-0.06141707752224046,-0.04667556662487352,0.6111111111111112,2023,0.1342904161618088,2024,0.18896123927645014
top3_value_top3_profit,full,0.03,False,"neighborhood falsification, not choosing the highest return",1964-01-31,2026-07-31,751,0.10970047157208529,0.1746964666424764,0.43602017662609976,0.6443111079018322,-0.5468982316456276,0.2005866269525034,0.9825064944933266,0.869514919880198,0.0027749157234120414,0.005895027433374191,0.6191744340878829,2008,-0.3634815295991144,1976,0.5281839490175706
top3_value_top3_profit,pre2000,0.03,False,"neighborhood falsification, not choosing the highest return",1964-01-31,1999-12-31,432,0.13018585163348306,0.1636169737197491,0.4532799104774934,0.6917647542891108,-0.45518192666142565,0.2860083935852712,0.9704225205782666,0.9060723565046039,0.005626390724182917,0.00660774454648258,0.6203703703703703,1969,-0.2778130593895167,1976,0.5281839490175706
top3_value_top3_profit,2000_2007,0.03,False,"neighborhood falsification, not choosing the highest return",2000-01-31,2007-12-31,96,0.1203816132903226,0.1471640396866217,0.6320100226874945,0.9386656426472672,-0.2394379389544461,0.5027674971476664,0.7173921004312025,0.6993251069965833,0.10033847468582424,0.09489879745133353,0.7083333333333334,2002,-0.07698575274331365,2003,0.3766699284230153
top3_value_top3_profit,2008_2009,0.03,False,"neighborhood falsification, not choosing the highest return",2008-01-31,2009-12-31,24,-0.04917114179064508,0.3188728101712295,-0.02583660726489268,-0.03518179245818045,-0.5294224388901771,-0.09287695076491666,1.2881474221462907,0.9654497630500877,0.049080164442501184,0.07484288465232164,0.5,2008,-0.3634815295991144,2009,0.42034451417302954
top3_value_top3_profit,2010_2019,0.03,False,"neighborhood falsification, not choosing the highest return",2010-01-31,2019-12-31,120,0.0661313671845789,0.1654538023372686,0.43929089541013056,0.652467577540769,-0.3504146630938072,0.18872317328477578,1.1593304442638808,0.9070313928786286,-0.06873951661257882,-0.05765834212612979,0.6,2015,-0.2182230900814014,2013,0.32107726664453784
top3_value_top3_profit,2020_onward,0.03,False,"neighborhood falsification, not choosing the highest return",2020-01-31,2026-07-31,79,0.10539605963776166,0.2160514077622042,0.4486724023060099,0.6479846310464146,-0.3609922973908718,0.29196207342795993,0.9871219082578085,0.8040366407168746,-0.04361174597936346,-0.03056826295524838,0.569620253164557,2022,-0.12923155082356874,2021,0.32714803080945765
top3_value_top3_profit,dotcom,0.03,False,"neighborhood falsification, not choosing the highest return",2000-01-31,2002-12-31,36,0.049619650876025156,0.19786700573213534,0.1568288920001095,0.21508064333425195,-0.2394379389544461,0.2072338706752127,0.6451019780879994,0.6386863029455878,0.1981829387589107,0.2090980519812071,0.6666666666666666,2002,-0.07698575274331365,2000,0.1998299605175513
top3_value_top3_profit,gfc,0.03,False,"neighborhood falsification, not choosing the highest return",2008-01-31,2008-12-31,12,-0.3634815295991144,0.27095034611456476,-1.561624128936073,-1.5445929208527798,-0.392721729494273,-0.9255447363892683,1.1866429373464877,0.9556762707176067,0.003712694128319649,0.01945253932223001,0.3333333333333333,2008,-0.3634815295991144,2008,-0.3634815295991144
top3_value_top3_profit,rebound2009,0.03,False,"neighborhood falsification, not choosing the highest return",2009-01-31,2009-12-31,12,0.42034451417302954,0.3304135976351913,1.2276345390942898,2.1562869540987437,-0.23771698609757852,1.7682561144388973,1.4494978172033177,0.9724044200978605,0.1353519663806373,0.13023322998241327,0.6666666666666666,2009,0.42034451417302954,2009,0.42034451417302954
top3_value_top3_profit,covid2020,0.03,False,"neighborhood falsification, not choosing the highest return",2020-01-31,2020-12-31,12,-0.024177563490321075,0.3806814280800625,0.11011939067270318,0.15097104208221387,-0.3609922973908718,-0.06697528912685448,1.295374312835941,0.9376204921435008,-0.26359883108410254,-0.20490818953785195,0.6666666666666666,2020,-0.024177563490321075,2020,-0.024177563490321075
top3_value_top3_profit,inflation2022,0.03,False,"neighborhood falsification, not choosing the highest return",2022-01-31,2022-12-31,12,-0.12923155082356874,0.2663168384692225,-0.44701781280395747,-0.6004989745231593,-0.21591960877462768,-0.598516973780079,1.0600715366920113,0.9240747627044466,0.0707372214527433,0.09142333762143262,0.4166666666666667,2022,-0.12923155082356874,2022,-0.12923155082356874
top3_value_top3_profit,2023_2025,0.03,False,"neighborhood falsification, not choosing the highest return",2023-01-31,2025-12-31,36,0.13819806226951803,0.16417967162603667,0.5856455193740248,0.9749494342220303,-0.15705402681604042,0.879939630146455,0.9251071331304195,0.7119884732175698,-0.09075207912712413,-0.07245306568349155,0.5555555555555556,2023,0.10579065696176415,2024,0.1590878413046808
