seed,start,end,observations,cagr,annualized_volatility,sharpe,sortino,max_drawdown,calmar,beta,correlation,excess_cagr,annualized_mean_excess_vs_benchmark,monthly_positive_rate,worst_year,worst_year_return,best_year,best_year_return
0,2004-01-05,2012-08-31,2183,0.0949993155,0.223267229,0.438852244,0.632697965,-0.447136751,0.212461434,0.998389595,0.956628414,0.0468020213,0.045720608,0.615384615,2008,-0.255587615,2009,0.286765863
1,2004-01-05,2012-08-31,2183,0.0627206286,0.223825365,0.304644512,0.436749059,-0.516108203,0.121526122,0.995477015,0.951452794,0.0145233344,0.0159269368,0.634615385,2008,-0.315743867,2009,0.302358181
2,2004-01-05,2012-08-31,2183,0.0801402528,0.215404628,0.383601825,0.547786341,-0.517234183,0.154939978,0.958134895,0.951555001,0.0319429586,0.0303699001,0.596153846,2008,-0.34907847,2009,0.453873174
3,2004-01-05,2012-08-31,2183,0.0936006439,0.212442324,0.444026194,0.64185366,-0.510360983,0.183400861,0.945962797,0.952557373,0.0454033496,0.0420711981,0.625,2008,-0.269874358,2009,0.236365413
4,2004-01-05,2012-08-31,2183,0.0776786596,0.217804235,0.371220695,0.530499191,-0.481466343,0.161337674,0.971310284,0.954032046,0.0294813654,0.0285921637,0.596153846,2008,-0.227026999,2009,0.231968902
5,2004-01-05,2012-08-31,2183,0.0676447374,0.222587106,0.326161706,0.458604332,-0.55258749,0.122414529,0.996905822,0.958136131,0.0194474432,0.0203379824,0.644230769,2008,-0.338819275,2006,0.22415601
6,2004-01-05,2012-08-31,2183,0.0759969018,0.221632418,0.361473352,0.517415515,-0.508329162,0.149503329,0.993777142,0.959265708,0.0277996076,0.0278509691,0.576923077,2008,-0.257323787,2006,0.219397004
7,2004-01-05,2012-08-31,2183,0.0897190435,0.216757592,0.423272381,0.606788031,-0.476699421,0.188208837,0.968477406,0.955833267,0.0415217493,0.0394869677,0.615384615,2008,-0.321116494,2009,0.491383106
8,2004-01-05,2012-08-31,2183,0.073102475,0.215941909,0.35285962,0.501479183,-0.511180111,0.143007276,0.967465388,0.958451407,0.0249051808,0.0239358816,0.605769231,2008,-0.301271519,2006,0.21120593
9,2004-01-05,2012-08-31,2183,0.0856346328,0.215484976,0.407149329,0.578857347,-0.499404633,0.171473445,0.961262035,0.954314364,0.0374373386,0.0354740709,0.586538462,2008,-0.320870968,2009,0.389974912
10,2004-01-05,2012-08-31,2183,0.0584586131,0.214883665,0.28966315,0.408247528,-0.518072301,0.112838716,0.954318111,0.950088497,0.0102613189,0.00998234526,0.615384615,2008,-0.28660632,2009,0.239260306
11,2004-01-05,2012-08-31,2183,0.0923099254,0.218987428,0.431932677,0.621635096,-0.483780372,0.190809571,0.980672229,0.958014636,0.0441126312,0.0423272236,0.605769231,2008,-0.253415122,2009,0.307599068
12,2004-01-05,2012-08-31,2183,0.0838635672,0.215464292,0.399453133,0.573385546,-0.49984537,0.167779022,0.956999889,0.950157226,0.035666273,0.0338088367,0.596153846,2008,-0.276530186,2009,0.326488531
13,2004-01-05,2012-08-31,2183,0.0689556603,0.222401703,0.331502221,0.474311843,-0.542013218,0.127221363,0.990730606,0.952963659,0.020758366,0.0214674414,0.576923077,2008,-0.324863722,2009,0.286877723
14,2004-01-05,2012-08-31,2183,0.0709639474,0.216962077,0.343071213,0.486170327,-0.468670553,0.151415417,0.970251759,0.956661627,0.0227666532,0.0221744143,0.615384615,2008,-0.299868172,2009,0.28336259
15,2004-01-05,2012-08-31,2183,0.0738893124,0.223857495,0.351338292,0.505333982,-0.526410639,0.140364398,0.994000196,0.949900847,0.0256920182,0.026389818,0.625,2008,-0.271579782,2009,0.255307456
16,2004-01-05,2012-08-31,2183,0.0545796796,0.215707776,0.272459645,0.384585153,-0.476483431,0.114546857,0.959907844,0.951976103,0.00638238541,0.00651173222,0.567307692,2008,-0.268214027,2009,0.232803972
17,2004-01-05,2012-08-31,2183,0.0755580563,0.217881535,0.362273112,0.514437376,-0.516867665,0.146184529,0.971079626,0.953455034,0.0273607621,0.0266723003,0.605769231,2008,-0.29679827,2009,0.285800688
18,2004-01-05,2012-08-31,2183,0.0656107049,0.216147699,0.320257362,0.457085073,-0.558270144,0.117525011,0.965287759,0.955370033,0.0174134107,0.0169625971,0.625,2008,-0.368337566,2009,0.308629874
19,2004-01-05,2012-08-31,2183,0.0819147308,0.214653918,0.391972417,0.555840359,-0.481412146,0.170155098,0.950560548,0.947347379,0.0337174366,0.0318775998,0.625,2008,-0.283785395,2010,0.267910922
20,2004-01-05,2012-08-31,2183,0.0762705166,0.214041156,0.367875613,0.523268618,-0.544961769,0.13995572,0.956361853,0.955850877,0.0280732224,0.0264802757,0.615384615,2008,-0.278664685,2009,0.205952045
21,2004-01-05,2012-08-31,2183,0.0664734121,0.21955464,0.322400722,0.459671948,-0.524282685,0.126789257,0.982756276,0.957578221,0.0182761179,0.0185234606,0.634615385,2008,-0.36524996,2009,0.402344338
22,2004-01-05,2012-08-31,2183,0.0574993591,0.218657353,0.28434656,0.401282482,-0.56575233,0.101633446,0.969352082,0.948395275,0.00930206489,0.00991329529,0.596153846,2008,-0.370713778,2007,0.231183345
23,2004-01-05,2012-08-31,2183,0.100452295,0.218506481,0.466453187,0.66959024,-0.489728261,0.205118436,0.979516071,0.959003598,0.0522550006,0.0496612069,0.615384615,2008,-0.268474857,2009,0.29672987
24,2004-01-05,2012-08-31,2183,0.0604123914,0.219699611,0.296378202,0.422562344,-0.466137566,0.129602066,0.982367963,0.956546935,0.0122150972,0.0128544641,0.586538462,2008,-0.268845394,2009,0.366863563
25,2004-01-05,2012-08-31,2183,0.0943564846,0.216945195,0.442664042,0.634281317,-0.457760304,0.206126402,0.964373674,0.950940802,0.0461591903,0.0437751128,0.586538462,2008,-0.183217058,2010,0.163803608
26,2004-01-05,2012-08-31,2183,0.0581803433,0.221216358,0.286240421,0.409325595,-0.547316199,0.106301154,0.987446132,0.954956762,0.00998304912,0.0110578118,0.596153846,2008,-0.324949844,2006,0.274707152
27,2004-01-05,2012-08-31,2183,0.0686516573,0.211381159,0.336427738,0.472278379,-0.531199028,0.129239049,0.941695396,0.953026438,0.020454363,0.0188548844,0.625,2008,-0.343414335,2009,0.281047058
28,2004-01-05,2012-08-31,2183,0.0727100579,0.215042083,0.351838813,0.499138126,-0.521357899,0.139462849,0.961335591,0.956382324,0.0245127637,0.0233974548,0.625,2008,-0.321964264,2006,0.227183589
29,2004-01-05,2012-08-31,2183,0.0839438407,0.210308479,0.404464667,0.575187732,-0.490455955,0.171154698,0.943491064,0.959738947,0.0357465465,0.0328007699,0.644230769,2008,-0.304718528,2006,0.268971524
30,2004-01-05,2012-08-31,2183,0.075871675,0.219059973,0.362373147,0.524135028,-0.450679713,0.168349435,0.976136488,0.953310414,0.0276743808,0.0271175646,0.615384615,2008,-0.23728557,2009,0.260703975
31,2004-01-05,2012-08-31,2183,0.075649541,0.222286707,0.359658964,0.514534652,-0.497887508,0.15194103,0.990838337,0.953574499,0.0274522467,0.0276872078,0.596153846,2008,-0.301055881,2009,0.331623772
32,2004-01-05,2012-08-31,2183,0.0321217149,0.216972037,0.17286789,0.242359707,-0.583783921,0.055023295,0.967198637,0.953602461,-0.0160755793,-0.014752067,0.548076923,2008,-0.399388772,2009,0.314478408
33,2004-01-05,2012-08-31,2183,0.096294715,0.221973279,0.445544447,0.635178672,-0.491889657,0.19576487,0.992273932,0.956291422,0.0480974208,0.0466400807,0.615384615,2008,-0.284844608,2009,0.437137823
34,2004-01-05,2012-08-31,2183,0.0643581563,0.216525927,0.31464738,0.447261039,-0.544450136,0.118207623,0.966174487,0.954569955,0.016160862,0.015869512,0.576923077,2008,-0.309927777,2009,0.242745057
35,2004-01-05,2012-08-31,2183,0.06108183,0.220029874,0.299236319,0.423757418,-0.515940625,0.118389262,0.987082856,0.959717882,0.0128845358,0.0135797867,0.557692308,2008,-0.282443619,2009,0.192652179
36,2004-01-05,2012-08-31,2183,0.0886123052,0.218646878,0.416944093,0.59026324,-0.540025675,0.16408906,0.983478364,0.962281811,0.040415011,0.0389003049,0.644230769,2008,-0.327979287,2009,0.274692318
37,2004-01-05,2012-08-31,2183,0.07893667,0.214687424,0.378793207,0.544784871,-0.443922882,0.177816178,0.958374788,0.954975517,0.0307393758,0.0290622105,0.576923077,2008,-0.233853756,2009,0.19167518
38,2004-01-05,2012-08-31,2183,0.0839093742,0.209374535,0.405237371,0.57676556,-0.4789815,0.175182913,0.929533228,0.949761071,0.03571208,0.0325845531,0.625,2008,-0.254745681,2009,0.218082266
39,2004-01-05,2012-08-31,2183,0.0701565049,0.214367648,0.341052764,0.487400461,-0.495386248,0.141619807,0.948543265,0.946562775,0.0219592106,0.020852571,0.596153846,2008,-0.264240544,2009,0.312050471
